[{"model": "accounts.account", "pk": 1, "fields": {"username": "Andrew", "first_name": "Andrew", "last_name": "Andrew", "password": "pbkdf2_sha256$600000$eQjWnWCci2Hj4WmAM3Fxft$2vsSM9vEFDUcoUfUVet8tPXLHh/FkSgXij6eDgxh13c=", "email": "Andrew@gmail.com", "phone_number": null, "profile_image": "", "language": null, "date_joined": "2023-09-27T15:26:07.597Z", "last_login": "2023-10-03T17:35:20.430Z", "is_active": true, "is_admin": true, "is_staff": true, "is_anonymous": false, "is_superuser": true, "groups": [], "user_permissions": []}}, {"model": "accounts.account", "pk": 2, "fields": {"username": "test", "first_name": "test", "last_name": "last", "password": "pbkdf2_sha256$600000$jnyEUsjCCo26R4AqKO36oP$v3XTbyC2LOS0P/n+qLzIFuCM1X4aw3Ah4GmA4VfzK40=", "email": "test@gmail.com", "phone_number": "012354365853", "profile_image": "", "language": "korean", "date_joined": "2023-09-28T12:12:21.543Z", "last_login": "2023-09-28T12:12:21.543Z", "is_active": true, "is_admin": false, "is_staff": false, "is_anonymous": false, "is_superuser": false, "groups": [], "user_permissions": []}}, {"model": "admin.logentry", "pk": 1, "fields": {"action_time": "2023-09-29T14:08:39.485Z", "user": 1, "content_type": 30, "object_id": "12", "object_repr": "None - AMC Royal Hotel & Spa - pending - 2023-09-28 17:03:44.192436+00:00", "action_flag": 3, "change_message": ""}}, {"model": "admin.logentry", "pk": 2, "fields": {"action_time": "2023-09-29T14:08:39.706Z", "user": 1, "content_type": 30, "object_id": "11", "object_repr": "None - AMC Royal Hotel & Spa - pending - 2023-09-28 16:59:56.478496+00:00", "action_flag": 3, "change_message": ""}}, {"model": "admin.logentry", "pk": 3, "fields": {"action_time": "2023-09-29T14:08:39.773Z", "user": 1, "content_type": 30, "object_id": "10", "object_repr": "None - AMC Royal Hotel & Spa - pending - 2023-09-28 16:56:24.242145+00:00", "action_flag": 3, "change_message": ""}}, {"model": "admin.logentry", "pk": 4, "fields": {"action_time": "2023-09-29T14:08:39.828Z", "user": 1, "content_type": 30, "object_id": "9", "object_repr": "None - AMC Royal Hotel & Spa - pending - 2023-09-28 16:55:37.730140+00:00", "action_flag": 3, "change_message": ""}}, {"model": "admin.logentry", "pk": 5, "fields": {"action_time": "2023-09-29T14:08:39.895Z", "user": 1, "content_type": 30, "object_id": "8", "object_repr": "None - AMC Royal Hotel & Spa - pending - 2023-09-28 16:50:32.677161+00:00", "action_flag": 3, "change_message": ""}}, {"model": "admin.logentry", "pk": 6, "fields": {"action_time": "2023-09-29T14:08:39.975Z", "user": 1, "content_type": 30, "object_id": "7", "object_repr": "None - AMC Royal Hotel & Spa - pending - 2023-09-28 16:49:31.169313+00:00", "action_flag": 3, "change_message": ""}}, {"model": "admin.logentry", "pk": 7, "fields": {"action_time": "2023-09-29T14:08:40.040Z", "user": 1, "content_type": 30, "object_id": "6", "object_repr": "None - AMC Royal Hotel & Spa - pending - 2023-09-28 16:39:40.587770+00:00", "action_flag": 3, "change_message": ""}}, {"model": "admin.logentry", "pk": 8, "fields": {"action_time": "2023-09-29T15:54:12.971Z", "user": 1, "content_type": 30, "object_id": "23", "object_repr": "None - Hotel Jaz Aquaviva - pending - 2023-09-29 15:50:31.854726+00:00", "action_flag": 3, "change_message": ""}}, {"model": "admin.logentry", "pk": 9, "fields": {"action_time": "2023-09-29T15:54:13.076Z", "user": 1, "content_type": 30, "object_id": "22", "object_repr": "None - Hotel Jaz Aquaviva - pending - 2023-09-29 15:50:20.090863+00:00", "action_flag": 3, "change_message": ""}}, {"model": "admin.logentry", "pk": 10, "fields": {"action_time": "2023-09-29T15:54:13.131Z", "user": 1, "content_type": 30, "object_id": "21", "object_repr": "None - Hotel Jaz Aquaviva - pending - 2023-09-29 15:50:18.420623+00:00", "action_flag": 3, "change_message": ""}}, {"model": "admin.logentry", "pk": 11, "fields": {"action_time": "2023-09-29T15:54:13.187Z", "user": 1, "content_type": 30, "object_id": "20", "object_repr": "None - Hotel Jaz Aquaviva - pending - 2023-09-29 15:49:48.887322+00:00", "action_flag": 3, "change_message": ""}}, {"model": "admin.logentry", "pk": 12, "fields": {"action_time": "2023-09-29T15:54:13.298Z", "user": 1, "content_type": 30, "object_id": "19", "object_repr": "None - Hotel Jaz Aquaviva - pending - 2023-09-29 15:49:41.507497+00:00", "action_flag": 3, "change_message": ""}}, {"model": "admin.logentry", "pk": 13, "fields": {"action_time": "2023-09-29T15:54:13.364Z", "user": 1, "content_type": 30, "object_id": "18", "object_repr": "None - Hotel Jaz Aquaviva - pending - 2023-09-29 15:47:31.894881+00:00", "action_flag": 3, "change_message": ""}}, {"model": "admin.logentry", "pk": 14, "fields": {"action_time": "2023-09-29T15:54:13.438Z", "user": 1, "content_type": 30, "object_id": "17", "object_repr": "None - Hotel Jaz Aquaviva - pending - 2023-09-29 15:45:05.322388+00:00", "action_flag": 3, "change_message": ""}}, {"model": "admin.logentry", "pk": 15, "fields": {"action_time": "2023-09-29T15:54:13.564Z", "user": 1, "content_type": 30, "object_id": "16", "object_repr": "None - Hotel Jaz Aquaviva - pending - 2023-09-29 15:44:48.007529+00:00", "action_flag": 3, "change_message": ""}}, {"model": "admin.logentry", "pk": 16, "fields": {"action_time": "2023-09-29T15:54:13.620Z", "user": 1, "content_type": 30, "object_id": "15", "object_repr": "None - Hotel Jaz Aquaviva - pending - 2023-09-29 15:44:45.100631+00:00", "action_flag": 3, "change_message": ""}}, {"model": "admin.logentry", "pk": 17, "fields": {"action_time": "2023-09-29T15:54:13.675Z", "user": 1, "content_type": 30, "object_id": "14", "object_repr": "None - Hotel Blend Club Aqua Resort - pending - 2023-09-29 15:40:55.210277+00:00", "action_flag": 3, "change_message": ""}}, {"model": "admin.logentry", "pk": 18, "fields": {"action_time": "2023-09-29T15:54:13.742Z", "user": 1, "content_type": 30, "object_id": "13", "object_repr": "None - AMC Royal Hotel & Spa - pending - 2023-09-29 15:32:47.871627+00:00", "action_flag": 3, "change_message": ""}}, {"model": "admin.logentry", "pk": 19, "fields": {"action_time": "2023-09-29T15:57:34.448Z", "user": 1, "content_type": 30, "object_id": "25", "object_repr": "None - Hotel Mövenpick Waterpark Resort & Spa Soma Bay - pending - 2023-09-29 15:57:12.076780+00:00", "action_flag": 3, "change_message": ""}}, {"model": "admin.logentry", "pk": 20, "fields": {"action_time": "2023-09-29T15:57:34.667Z", "user": 1, "content_type": 30, "object_id": "24", "object_repr": "None - Hotel Jaz Aquaviva - pending - 2023-09-29 15:55:19.092723+00:00", "action_flag": 3, "change_message": ""}}, {"model": "auth.permission", "pk": 1, "fields": {"name": "Can add account", "content_type": 1, "codename": "add_account"}}, {"model": "auth.permission", "pk": 2, "fields": {"name": "Can change account", "content_type": 1, "codename": "change_account"}}, {"model": "auth.permission", "pk": 3, "fields": {"name": "Can delete account", "content_type": 1, "codename": "delete_account"}}, {"model": "auth.permission", "pk": 4, "fields": {"name": "Can view account", "content_type": 1, "codename": "view_account"}}, {"model": "auth.permission", "pk": 5, "fields": {"name": "Can add log entry", "content_type": 2, "codename": "add_logentry"}}, {"model": "auth.permission", "pk": 6, "fields": {"name": "Can change log entry", "content_type": 2, "codename": "change_logentry"}}, {"model": "auth.permission", "pk": 7, "fields": {"name": "Can delete log entry", "content_type": 2, "codename": "delete_logentry"}}, {"model": "auth.permission", "pk": 8, "fields": {"name": "Can view log entry", "content_type": 2, "codename": "view_logentry"}}, {"model": "auth.permission", "pk": 9, "fields": {"name": "Can add permission", "content_type": 3, "codename": "add_permission"}}, {"model": "auth.permission", "pk": 10, "fields": {"name": "Can change permission", "content_type": 3, "codename": "change_permission"}}, {"model": "auth.permission", "pk": 11, "fields": {"name": "Can delete permission", "content_type": 3, "codename": "delete_permission"}}, {"model": "auth.permission", "pk": 12, "fields": {"name": "Can view permission", "content_type": 3, "codename": "view_permission"}}, {"model": "auth.permission", "pk": 13, "fields": {"name": "Can add group", "content_type": 4, "codename": "add_group"}}, {"model": "auth.permission", "pk": 14, "fields": {"name": "Can change group", "content_type": 4, "codename": "change_group"}}, {"model": "auth.permission", "pk": 15, "fields": {"name": "Can delete group", "content_type": 4, "codename": "delete_group"}}, {"model": "auth.permission", "pk": 16, "fields": {"name": "Can view group", "content_type": 4, "codename": "view_group"}}, {"model": "auth.permission", "pk": 17, "fields": {"name": "Can add content type", "content_type": 5, "codename": "add_contenttype"}}, {"model": "auth.permission", "pk": 18, "fields": {"name": "Can change content type", "content_type": 5, "codename": "change_contenttype"}}, {"model": "auth.permission", "pk": 19, "fields": {"name": "Can delete content type", "content_type": 5, "codename": "delete_contenttype"}}, {"model": "auth.permission", "pk": 20, "fields": {"name": "Can view content type", "content_type": 5, "codename": "view_contenttype"}}, {"model": "auth.permission", "pk": 21, "fields": {"name": "Can add session", "content_type": 6, "codename": "add_session"}}, {"model": "auth.permission", "pk": 22, "fields": {"name": "Can change session", "content_type": 6, "codename": "change_session"}}, {"model": "auth.permission", "pk": 23, "fields": {"name": "Can delete session", "content_type": 6, "codename": "delete_session"}}, {"model": "auth.permission", "pk": 24, "fields": {"name": "Can view session", "content_type": 6, "codename": "view_session"}}, {"model": "auth.permission", "pk": 25, "fields": {"name": "Can add tag", "content_type": 7, "codename": "add_tag"}}, {"model": "auth.permission", "pk": 26, "fields": {"name": "Can change tag", "content_type": 7, "codename": "change_tag"}}, {"model": "auth.permission", "pk": 27, "fields": {"name": "Can delete tag", "content_type": 7, "codename": "delete_tag"}}, {"model": "auth.permission", "pk": 28, "fields": {"name": "Can view tag", "content_type": 7, "codename": "view_tag"}}, {"model": "auth.permission", "pk": 29, "fields": {"name": "Can add tagged item", "content_type": 8, "codename": "add_taggeditem"}}, {"model": "auth.permission", "pk": 30, "fields": {"name": "Can change tagged item", "content_type": 8, "codename": "change_taggeditem"}}, {"model": "auth.permission", "pk": 31, "fields": {"name": "Can delete tagged item", "content_type": 8, "codename": "delete_taggeditem"}}, {"model": "auth.permission", "pk": 32, "fields": {"name": "Can view tagged item", "content_type": 8, "codename": "view_taggeditem"}}, {"model": "auth.permission", "pk": 33, "fields": {"name": "Can add about", "content_type": 10, "codename": "add_about"}}, {"model": "auth.permission", "pk": 34, "fields": {"name": "Can change about", "content_type": 10, "codename": "change_about"}}, {"model": "auth.permission", "pk": 35, "fields": {"name": "Can delete about", "content_type": 10, "codename": "delete_about"}}, {"model": "auth.permission", "pk": 36, "fields": {"name": "Can view about", "content_type": 10, "codename": "view_about"}}, {"model": "auth.permission", "pk": 37, "fields": {"name": "Can add faq", "content_type": 12, "codename": "add_faq"}}, {"model": "auth.permission", "pk": 38, "fields": {"name": "Can change faq", "content_type": 12, "codename": "change_faq"}}, {"model": "auth.permission", "pk": 39, "fields": {"name": "Can delete faq", "content_type": 12, "codename": "delete_faq"}}, {"model": "auth.permission", "pk": 40, "fields": {"name": "Can view faq", "content_type": 12, "codename": "view_faq"}}, {"model": "auth.permission", "pk": 41, "fields": {"name": "Can add contact us", "content_type": 13, "codename": "add_contactus"}}, {"model": "auth.permission", "pk": 42, "fields": {"name": "Can change contact us", "content_type": 13, "codename": "change_contactus"}}, {"model": "auth.permission", "pk": 43, "fields": {"name": "Can delete contact us", "content_type": 13, "codename": "delete_contactus"}}, {"model": "auth.permission", "pk": 44, "fields": {"name": "Can view contact us", "content_type": 13, "codename": "view_contactus"}}, {"model": "auth.permission", "pk": 45, "fields": {"name": "Can add contact consultant", "content_type": 14, "codename": "add_contactconsultant"}}, {"model": "auth.permission", "pk": 46, "fields": {"name": "Can change contact consultant", "content_type": 14, "codename": "change_contactconsultant"}}, {"model": "auth.permission", "pk": 47, "fields": {"name": "Can delete contact consultant", "content_type": 14, "codename": "delete_contactconsultant"}}, {"model": "auth.permission", "pk": 48, "fields": {"name": "Can view contact consultant", "content_type": 14, "codename": "view_contactconsultant"}}, {"model": "auth.permission", "pk": 49, "fields": {"name": "Can add post", "content_type": 16, "codename": "add_post"}}, {"model": "auth.permission", "pk": 50, "fields": {"name": "Can change post", "content_type": 16, "codename": "change_post"}}, {"model": "auth.permission", "pk": 51, "fields": {"name": "Can delete post", "content_type": 16, "codename": "delete_post"}}, {"model": "auth.permission", "pk": 52, "fields": {"name": "Can view post", "content_type": 16, "codename": "view_post"}}, {"model": "auth.permission", "pk": 53, "fields": {"name": "Can add category", "content_type": 18, "codename": "add_category"}}, {"model": "auth.permission", "pk": 54, "fields": {"name": "Can change category", "content_type": 18, "codename": "change_category"}}, {"model": "auth.permission", "pk": 55, "fields": {"name": "Can delete category", "content_type": 18, "codename": "delete_category"}}, {"model": "auth.permission", "pk": 56, "fields": {"name": "Can view category", "content_type": 18, "codename": "view_category"}}, {"model": "auth.permission", "pk": 57, "fields": {"name": "Can add category", "content_type": 20, "codename": "add_category"}}, {"model": "auth.permission", "pk": 58, "fields": {"name": "Can change category", "content_type": 20, "codename": "change_category"}}, {"model": "auth.permission", "pk": 59, "fields": {"name": "Can delete category", "content_type": 20, "codename": "delete_category"}}, {"model": "auth.permission", "pk": 60, "fields": {"name": "Can view category", "content_type": 20, "codename": "view_category"}}, {"model": "auth.permission", "pk": 61, "fields": {"name": "Can add trip", "content_type": 22, "codename": "add_trip"}}, {"model": "auth.permission", "pk": 62, "fields": {"name": "Can change trip", "content_type": 22, "codename": "change_trip"}}, {"model": "auth.permission", "pk": 63, "fields": {"name": "Can delete trip", "content_type": 22, "codename": "delete_trip"}}, {"model": "auth.permission", "pk": 64, "fields": {"name": "Can view trip", "content_type": 22, "codename": "view_trip"}}, {"model": "auth.permission", "pk": 65, "fields": {"name": "Can add trip gallery", "content_type": 23, "codename": "add_tripgallery"}}, {"model": "auth.permission", "pk": 66, "fields": {"name": "Can change trip gallery", "content_type": 23, "codename": "change_tripgallery"}}, {"model": "auth.permission", "pk": 67, "fields": {"name": "Can delete trip gallery", "content_type": 23, "codename": "delete_tripgallery"}}, {"model": "auth.permission", "pk": 68, "fields": {"name": "Can view trip gallery", "content_type": 23, "codename": "view_tripgallery"}}, {"model": "auth.permission", "pk": 69, "fields": {"name": "Can add place", "content_type": 25, "codename": "add_place"}}, {"model": "auth.permission", "pk": 70, "fields": {"name": "Can change place", "content_type": 25, "codename": "change_place"}}, {"model": "auth.permission", "pk": 71, "fields": {"name": "Can delete place", "content_type": 25, "codename": "delete_place"}}, {"model": "auth.permission", "pk": 72, "fields": {"name": "Can view place", "content_type": 25, "codename": "view_place"}}, {"model": "auth.permission", "pk": 73, "fields": {"name": "Can add trip review", "content_type": 26, "codename": "add_tripreview"}}, {"model": "auth.permission", "pk": 74, "fields": {"name": "Can change trip review", "content_type": 26, "codename": "change_tripreview"}}, {"model": "auth.permission", "pk": 75, "fields": {"name": "Can delete trip review", "content_type": 26, "codename": "delete_tripreview"}}, {"model": "auth.permission", "pk": 76, "fields": {"name": "Can view trip review", "content_type": 26, "codename": "view_tripreview"}}, {"model": "auth.permission", "pk": 77, "fields": {"name": "Can add trip book", "content_type": 27, "codename": "add_tripbook"}}, {"model": "auth.permission", "pk": 78, "fields": {"name": "Can change trip book", "content_type": 27, "codename": "change_tripbook"}}, {"model": "auth.permission", "pk": 79, "fields": {"name": "Can delete trip book", "content_type": 27, "codename": "delete_tripbook"}}, {"model": "auth.permission", "pk": 80, "fields": {"name": "Can view trip book", "content_type": 27, "codename": "view_tripbook"}}, {"model": "auth.permission", "pk": 81, "fields": {"name": "Can add property availability check", "content_type": 28, "codename": "add_propertyavailabilitycheck"}}, {"model": "auth.permission", "pk": 82, "fields": {"name": "Can change property availability check", "content_type": 28, "codename": "change_propertyavailabilitycheck"}}, {"model": "auth.permission", "pk": 83, "fields": {"name": "Can delete property availability check", "content_type": 28, "codename": "delete_propertyavailabilitycheck"}}, {"model": "auth.permission", "pk": 84, "fields": {"name": "Can view property availability check", "content_type": 28, "codename": "view_propertyavailabilitycheck"}}, {"model": "auth.permission", "pk": 85, "fields": {"name": "Can add visa", "content_type": 29, "codename": "add_visa"}}, {"model": "auth.permission", "pk": 86, "fields": {"name": "Can change visa", "content_type": 29, "codename": "change_visa"}}, {"model": "auth.permission", "pk": 87, "fields": {"name": "Can delete visa", "content_type": 29, "codename": "delete_visa"}}, {"model": "auth.permission", "pk": 88, "fields": {"name": "Can view visa", "content_type": 29, "codename": "view_visa"}}, {"model": "auth.permission", "pk": 89, "fields": {"name": "Can add reservations", "content_type": 30, "codename": "add_reservations"}}, {"model": "auth.permission", "pk": 90, "fields": {"name": "Can change reservations", "content_type": 30, "codename": "change_reservations"}}, {"model": "auth.permission", "pk": 91, "fields": {"name": "Can delete reservations", "content_type": 30, "codename": "delete_reservations"}}, {"model": "auth.permission", "pk": 92, "fields": {"name": "Can view reservations", "content_type": 30, "codename": "view_reservations"}}, {"model": "auth.permission", "pk": 93, "fields": {"name": "Can add settings", "content_type": 32, "codename": "add_settings"}}, {"model": "auth.permission", "pk": 94, "fields": {"name": "Can change settings", "content_type": 32, "codename": "change_settings"}}, {"model": "auth.permission", "pk": 95, "fields": {"name": "Can delete settings", "content_type": 32, "codename": "delete_settings"}}, {"model": "auth.permission", "pk": 96, "fields": {"name": "Can view settings", "content_type": 32, "codename": "view_settings"}}, {"model": "auth.permission", "pk": 97, "fields": {"name": "Can add reviews", "content_type": 33, "codename": "add_reviews"}}, {"model": "auth.permission", "pk": 98, "fields": {"name": "Can change reviews", "content_type": 33, "codename": "change_reviews"}}, {"model": "auth.permission", "pk": 99, "fields": {"name": "Can delete reviews", "content_type": 33, "codename": "delete_reviews"}}, {"model": "auth.permission", "pk": 100, "fields": {"name": "Can view reviews", "content_type": 33, "codename": "view_reviews"}}, {"model": "auth.permission", "pk": 101, "fields": {"name": "Can add favorites", "content_type": 34, "codename": "add_favorites"}}, {"model": "auth.permission", "pk": 102, "fields": {"name": "Can change favorites", "content_type": 34, "codename": "change_favorites"}}, {"model": "auth.permission", "pk": 103, "fields": {"name": "Can delete favorites", "content_type": 34, "codename": "delete_favorites"}}, {"model": "auth.permission", "pk": 104, "fields": {"name": "Can view favorites", "content_type": 34, "codename": "view_favorites"}}, {"model": "contenttypes.contenttype", "pk": 1, "fields": {"app_label": "accounts", "model": "account"}}, {"model": "contenttypes.contenttype", "pk": 2, "fields": {"app_label": "admin", "model": "logentry"}}, {"model": "contenttypes.contenttype", "pk": 3, "fields": {"app_label": "auth", "model": "permission"}}, {"model": "contenttypes.contenttype", "pk": 4, "fields": {"app_label": "auth", "model": "group"}}, {"model": "contenttypes.contenttype", "pk": 5, "fields": {"app_label": "contenttypes", "model": "contenttype"}}, {"model": "contenttypes.contenttype", "pk": 6, "fields": {"app_label": "sessions", "model": "session"}}, {"model": "contenttypes.contenttype", "pk": 7, "fields": {"app_label": "taggit", "model": "tag"}}, {"model": "contenttypes.contenttype", "pk": 8, "fields": {"app_label": "taggit", "model": "taggeditem"}}, {"model": "contenttypes.contenttype", "pk": 9, "fields": {"app_label": "about", "model": "abouttranslation"}}, {"model": "contenttypes.contenttype", "pk": 10, "fields": {"app_label": "about", "model": "about"}}, {"model": "contenttypes.contenttype", "pk": 11, "fields": {"app_label": "about", "model": "faqtranslation"}}, {"model": "contenttypes.contenttype", "pk": 12, "fields": {"app_label": "about", "model": "faq"}}, {"model": "contenttypes.contenttype", "pk": 13, "fields": {"app_label": "about", "model": "contactus"}}, {"model": "contenttypes.contenttype", "pk": 14, "fields": {"app_label": "about", "model": "contactconsultant"}}, {"model": "contenttypes.contenttype", "pk": 15, "fields": {"app_label": "blog", "model": "posttranslation"}}, {"model": "contenttypes.contenttype", "pk": 16, "fields": {"app_label": "blog", "model": "post"}}, {"model": "contenttypes.contenttype", "pk": 17, "fields": {"app_label": "blog", "model": "categorytranslation"}}, {"model": "contenttypes.contenttype", "pk": 18, "fields": {"app_label": "blog", "model": "category"}}, {"model": "contenttypes.contenttype", "pk": 19, "fields": {"app_label": "property", "model": "categorytranslation"}}, {"model": "contenttypes.contenttype", "pk": 20, "fields": {"app_label": "property", "model": "category"}}, {"model": "contenttypes.contenttype", "pk": 21, "fields": {"app_label": "property", "model": "triptranslation"}}, {"model": "contenttypes.contenttype", "pk": 22, "fields": {"app_label": "property", "model": "trip"}}, {"model": "contenttypes.contenttype", "pk": 23, "fields": {"app_label": "property", "model": "tripgallery"}}, {"model": "contenttypes.contenttype", "pk": 24, "fields": {"app_label": "property", "model": "placetranslation"}}, {"model": "contenttypes.contenttype", "pk": 25, "fields": {"app_label": "property", "model": "place"}}, {"model": "contenttypes.contenttype", "pk": 26, "fields": {"app_label": "property", "model": "tripreview"}}, {"model": "contenttypes.contenttype", "pk": 27, "fields": {"app_label": "property", "model": "tripbook"}}, {"model": "contenttypes.contenttype", "pk": 28, "fields": {"app_label": "property", "model": "propertyavailabilitycheck"}}, {"model": "contenttypes.contenttype", "pk": 29, "fields": {"app_label": "property", "model": "visa"}}, {"model": "contenttypes.contenttype", "pk": 30, "fields": {"app_label": "property", "model": "reservations"}}, {"model": "contenttypes.contenttype", "pk": 31, "fields": {"app_label": "settings", "model": "settingstranslation"}}, {"model": "contenttypes.contenttype", "pk": 32, "fields": {"app_label": "settings", "model": "settings"}}, {"model": "contenttypes.contenttype", "pk": 33, "fields": {"app_label": "property", "model": "reviews"}}, {"model": "contenttypes.contenttype", "pk": 34, "fields": {"app_label": "property", "model": "favorites"}}, {"model": "sessions.session", "pk": "699a0t31py32ujj0m7izr8imbh0j6p1x", "fields": {"session_data": ".eJxVjDsOwjAQRO_iGln-xMahpOcM1q53jQPIluKkQtydREoBzRTz3sxbRFiXEtfOc5xIXIQWp98OIT257oAeUO9NplaXeUK5K_KgXd4a8et6uH8HBXrZ1hlyTmdSjjl4BckGdNqSA4IMWqEzigbLqLcwBr1XPPAIwTp0NvMoPl8SvTis:1qmFoJ:1GNC_HWSCye7dLe5Ncs08q23q5ZeD6Mz1Lrm5LTWlzs", "expire_date": "2023-10-13T15:53:47.915Z"}}, {"model": "sessions.session", "pk": "aun7q7pd11gpjaxq4pjqcyj93zwsmt7n", "fields": {"session_data": ".eJxVjDsOwjAQRO_iGln-xMahpOcM1q53jQPIluKkQtydREoBzRTz3sxbRFiXEtfOc5xIXIQWp98OIT257oAeUO9NplaXeUK5K_KgXd4a8et6uH8HBXrZ1hlyTmdSjjl4BckGdNqSA4IMWqEzigbLqLcwBr1XPPAIwTp0NvMoPl8SvTis:1qnjIm:0vkBY9J3ljej5LHQucszR-yX4A7PpUOZW-LKj2sAS-g", "expire_date": "2023-10-17T17:35:20.497Z"}}, {"model": "sessions.session", "pk": "ega6shmmh958e5tchofo8w3jmrw256v7", "fields": {"session_data": ".eJxVjDsOwjAQRO_iGln-xMahpOcM1q53jQPIluKkQtydREoBzRTz3sxbRFiXEtfOc5xIXIQWp98OIT257oAeUO9NplaXeUK5K_KgXd4a8et6uH8HBXrZ1hlyTmdSjjl4BckGdNqSA4IMWqEzigbLqLcwBr1XPPAIwTp0NvMoPl8SvTis:1qnJWC:trUEQxJtZ7MyJ44sSGybiQ5NAJf4S4lNDxahTxlgu-o", "expire_date": "2023-10-16T14:03:28.312Z"}}, {"model": "sessions.session", "pk": "gkiokz90alm2d8qjp47fv2lglakw9j6z", "fields": {"session_data": ".eJxVjDsOwjAQRO_iGln-xMahpOcM1q53jQPIluKkQtydREoBzRTz3sxbRFiXEtfOc5xIXIQWp98OIT257oAeUO9NplaXeUK5K_KgXd4a8et6uH8HBXrZ1hlyTmdSjjl4BckGdNqSA4IMWqEzigbLqLcwBr1XPPAIwTp0NvMoPl8SvTis:1qmE7a:p0vTaBBlIXR1pBHJC9bCaF3yPIXlGgQVW8JCoYjqwA0", "expire_date": "2023-10-13T14:05:34.604Z"}}, {"model": "blog.posttranslation", "pk": 1, "fields": {"language_code": "en-us", "title": "Sharm El Sheikh 1", "created_at": "2023-09-13T20:12:58Z", "description": "Sharm El Sheikh, commonly abbreviated to Sharm, is an Egyptian city on the southern tip of the Sinai Peninsula, in South Sinai Governorate, on the coastal strip along the Red Sea. Its population is approximately 73,000 as of 2023. Sharm El Sheikh is the administrative hub of Egypt's South Sinai Governorate, which includes the smaller coastal towns of Dahab and Nuweiba as well as the mountainous interior, St. Catherine and Mount Sinai. The city and holiday resort is a significant centre for tourism in Egypt, while also attracting many international conferences and diplomatic meetings. Sharm El Sheikh is one of the Asian cities of Egypt.", "slug": "Sharm El Sheikh 1", "master": 1}}, {"model": "blog.posttranslation", "pk": 2, "fields": {"language_code": "ar-sa", "title": "شرم الشيخ 1", "created_at": "2023-09-13T20:20:39Z", "description": "شرم الشيخ، والتي يتم اختصارها عادةً إلى شرم، هي مدينة مصرية تقع في الطرف الجنوبي لشبه جزيرة سيناء، في محافظة جنوب سيناء، على الشريط الساحلي على طول البحر الأحمر. يبلغ عدد سكانها حوالي 73000 نسمة اعتبارًا من عام 2023. شرم الشيخ هي المركز الإداري لمحافظة جنوب سيناء في مصر، والتي تضم المدن الساحلية الأصغر مثل دهب ونويبع بالإضافة إلى المناطق الجبلية الداخلية وسانت كاترين وجبل سيناء. تعد المدينة ومنتجع العطلات مركزًا مهمًا للسياحة في مصر، بينما تجتذب أيضًا العديد من المؤتمرات الدولية والاجتماعات الدبلوماسية. شرم الشيخ هي إحدى المدن الآسيوية في مصر.", "slug": "شرم الشيخ 1", "master": 1}}, {"model": "blog.posttranslation", "pk": 3, "fields": {"language_code": "en-us", "title": "sharm el sheikh 2", "created_at": "2023-09-13T20:24:56Z", "description": "Things to Do in Sharm El Sheikh, Egypt - Sharm El Sheikh Attractions. Popular things to do. Day Trips. Extreme Sports. Full-day Tours. Ports of Call Tours. Snorkeling. Cultural Tours. Private Day Trips. 4WD Tours. Nature and Wildlife Tours. Horseback Riding. City Tours. Night Tours. Self-guided Tours. Scuba Diving. Historical Tours. Day Cruises.", "slug": "sharm el sheikh 2", "master": 2}}, {"model": "blog.posttranslation", "pk": 4, "fields": {"language_code": "ar-sa", "title": "شرم الشيخ 2", "created_at": "2023-09-13T20:25:54Z", "description": "أشياء يمكن ممارستها في شرم الشيخ، مصر - مناطق الجذب في شرم الشيخ. أشياء شعبية للقيام بها. رحلات يومية. رياضات خطرة. جولات ليوم كامل. جولات منافذ الاتصال. الغطس. جولات ثقافية. رحلات يومية خاصة. جولات 4WD. جولات الطبيعة والحياة البرية. ركوب الخيل. جولات سياحية في المدينة. جولات ليلية. جولات التوجيه الذاتي. الغوص. جولات تاريخية. رحلات بحرية يومية.", "slug": "شرم الشيخ 2", "master": 2}}, {"model": "blog.posttranslation", "pk": 5, "fields": {"language_code": "en-us", "title": "sharm el sheikh 3", "created_at": "2023-09-13T20:27:04Z", "description": "Sharm El Sheikh. Egypt. The southern coast of the Gulf of Aqaba, between Tiran Island and Ras Mohammed National Park, features some of the world's most amazing underwater scenery. The crystal-clear waters and incredible variety of exotic fish darting in and out of the colorful coral reefs have made this a scuba-diving paradise.", "slug": "sharm el sheikh 3", "master": 3}}, {"model": "blog.posttranslation", "pk": 6, "fields": {"language_code": "ar-sa", "title": "شرم الشيخ 3", "created_at": "2023-09-13T20:28:42Z", "description": "شرم الشيخ. مصر. يتميز الساحل الجنوبي لخليج العقبة، بين جزيرة تيران ومتنزه رأس محمد الوطني، ببعض أروع المناظر الطبيعية تحت الماء في العالم. إن المياه الصافية والتنوع المذهل للأسماك الغريبة التي تندفع داخل وخارج الشعاب المرجانية الملونة جعلت من هذه الجزيرة جنة للغوص", "slug": "شرم الشيخ 3", "master": 3}}, {"model": "blog.posttranslation", "pk": 7, "fields": {"language_code": "en-us", "title": "Hurghada 1", "created_at": "2023-09-13T20:30:16Z", "description": "Hurghada is a coastal city that serves as the largest city and capital of the Red Sea Governorate of Egypt. Hurghada has grown from a small fishing village to one of the largest resort destinations along the Red Sea coast, stretching close to 40 km.", "slug": "Hurghada 1", "master": 4}}, {"model": "blog.posttranslation", "pk": 8, "fields": {"language_code": "ar-sa", "title": "الغردقة 1", "created_at": "2023-09-13T20:37:50Z", "description": "الغردقة هي مدينة ساحلية تعد أكبر مدينة وعاصمة محافظة البحر الأحمر في مصر. تطورت مدينة الغردقة من قرية صغيرة لصيد الأسماك إلى واحدة من أكبر الوجهات السياحية على طول ساحل البحر الأحمر، حيث تمتد لحوالي 40 كم.", "slug": "الغردقة 1", "master": 4}}, {"model": "blog.posttranslation", "pk": 9, "fields": {"language_code": "en-us", "title": "Hurghada 2", "created_at": "2023-09-13T20:38:52Z", "description": "Hurghada is a beach resort city in Egypt that stretches along the Red Sea for 40 kilometers. The city is located 600 kilometers away from the capital city Cairo, at the south end of the Gulf of Suez. Hurghada used to be a small fishing village in the 1900s until the discovery of oil in 1913. After the production of oil, the city gradually became richer and richer. Eventually, Hurghada started to attract international attention thanks to its gorgeous beaches and sea around the 1970s. Now, the city is one of the most prominent scuba diving and snorkeling centers in the world.", "slug": "Hurghada 2", "master": 5}}, {"model": "blog.posttranslation", "pk": 10, "fields": {"language_code": "ar-sa", "title": "الغردقة 2", "created_at": "2023-09-13T20:41:34Z", "description": "الغردقة هي مدينة المنتجع الشاطئي في مصر التي تمتد على طول البحر الأحمر لمسافة 40 كيلومترًا. وتقع المدينة على بعد 600 كيلومتر من العاصمة القاهرة، في الطرف الجنوبي لخليج السويس. كانت الغردقة قرية صيد صغيرة في القرن العشرين حتى اكتشاف النفط عام 1913. وبعد إنتاج النفط، أصبحت المدينة تدريجياً أكثر ثراءً وثراءً. وفي النهاية، بدأت الغردقة في جذب الاهتمام الدولي بفضل شواطئها وبحرها الرائع في السبعينيات. وتعد المدينة الآن واحدة من أبرز مراكز الغوص والغطس في العالم.", "slug": "الغردقة 2", "master": 5}}, {"model": "blog.post", "pk": 1, "fields": {"image": "post/sharm_el_sheikh_2.jpg", "category": 1}}, {"model": "blog.post", "pk": 2, "fields": {"image": "post/sharm_el_sheikh_3.jpg", "category": 1}}, {"model": "blog.post", "pk": 3, "fields": {"image": "post/sharm-el-sheikh.jpg", "category": 1}}, {"model": "blog.post", "pk": 4, "fields": {"image": "post/5678-6e39a8b1749.jpg", "category": 2}}, {"model": "blog.post", "pk": 5, "fields": {"image": "post/hrgsomg_0.jpg", "category": 2}}, {"model": "blog.categorytranslation", "pk": 1, "fields": {"language_code": "en-us", "title": "sharm el sheikh", "master": 1}}, {"model": "blog.categorytranslation", "pk": 2, "fields": {"language_code": "ar-sa", "title": "شرم الشيخ", "master": 1}}, {"model": "blog.categorytranslation", "pk": 3, "fields": {"language_code": "en-us", "title": "hurghada", "master": 2}}, {"model": "blog.categorytranslation", "pk": 4, "fields": {"language_code": "ar-sa", "title": "الغردقة", "master": 2}}, {"model": "blog.category", "pk": 1, "fields": {}}, {"model": "blog.category", "pk": 2, "fields": {}}, {"model": "property.categorytranslation", "pk": 2, "fields": {"language_code": "en-us", "title": "four stars", "master": 2}}, {"model": "property.categorytranslation", "pk": 3, "fields": {"language_code": "ar-sa", "title": "اربع نجوم", "master": 2}}, {"model": "property.categorytranslation", "pk": 4, "fields": {"language_code": "en-us", "title": "five stars", "master": 3}}, {"model": "property.categorytranslation", "pk": 5, "fields": {"language_code": "ar-sa", "title": "خمس نجوم", "master": 3}}, {"model": "property.category", "pk": 2, "fields": {}}, {"model": "property.category", "pk": 3, "fields": {}}, {"model": "property.triptranslation", "pk": 1, "fields": {"language_code": "en-us", "title": "AMC Royal Hotel & Spa", "description": "Stay at this 5-star luxury hotel in Hurghada. Enjoy free breakfast, free WiFi, and free parking. Our guests praise the pool and the comfy beds in our reviews. Popular attractions El Gouna Stadium and Church of St. Mary and the Archangels are located nearby. Discover genuine guest reviews for AMC Royal Hotel & Spa along with the latest prices and availability", "slug": "AMC Royal Hotel & Spa", "trip_summary": "trip summary", "accommodation": "full board", "includes_and_excludes": "Includes and excludes", "itinerary": "7 days in hurghada", "cancellation_policy": "What's the cancellation policy? Cancellation policies may vary depending on the rate or dates of your reservation. Please refer to your reservation confirmation to verify your cancellation policy. If", "terms_conditions": "Terms and conditions are the vital details that businesses put in place to ensure that they protect their rights. However, you should also ensure that they are legal, enforceable, and serve their inte", "notes": "notes", "master": 1}}, {"model": "property.triptranslation", "pk": 2, "fields": {"language_code": "ar-sa", "title": "فندق ومنتجع إيه إم سي رويال", "description": "استمتع بالإقامة في هذا الفندق الفاخر ذو الـ 5 نجوم في الغردقة. استمتع بوجبة إفطار مجانية وخدمة الواي فاي المجانية ومواقف مجانية للسيارات. يشيد ضيوفنا بحمام السباحة والأسرة المريحة في تقييماتنا. وتقع مناطق الجذب الشهيرة ملعب الجونة وكنيسة القديسة مريم ورؤساء الملائكة في مكان قريب. اكتشف تقييمات الضيوف الحقيقية لـ AMC Royal Hotel & Spa بالإضافة إلى أحدث الأسعار والتوافر", "slug": "فندق ومنتجع إيه إم سي رويال", "trip_summary": "ملخص الرحلة", "accommodation": "إقامة كاملة", "includes_and_excludes": "ما تشمله الرحله و ما لا تشمله", "itinerary": "7 days in hurghada", "cancellation_policy": "7 أيام في الغردقة", "terms_conditions": "الشروط والأحكام هي التفاصيل الحيوية التي تضعها الشركات لضمان حماية حقوقها. ومع ذلك، يجب عليك أيضًا التأكد من أنها قانونية وقابلة للتنفيذ وتخدم مصالحها", "notes": "ملاحظات", "master": 1}}, {"model": "property.triptranslation", "pk": 3, "fields": {"language_code": "en-us", "title": "Hotel Blend Club Aqua Resort", "description": "four-star, well-kept, built in 2007, renovated in 2022, 162 rooms, 3 buildings, 2 floors, 2 elevators, spacious and elegant lobby, 24-hour reception, main restaurant Fenti - buffet meals, international cuisine, Sofra restaurant on the beach - à la carte, oriental cuisine, highchairs and menus for children available in restaurants, vegetarian dishes, 3 bars: in the lobby, by the pool and snack bar by the water park; souvenir shop, money exchange; free wireless Internet in public areas; extra charges: room service, childcare, on-call doctor, laundry; credit cards accepted: Visa, MasterCard.", "slug": "Hotel Blend Club Aqua Resort", "trip_summary": "trip summary", "accommodation": "full board", "includes_and_excludes": "Includes and excludes", "itinerary": "6 days in hurghada", "cancellation_policy": "What's the cancellation policy? Cancellation policies may vary depending on the rate or dates of your reservation. Please refer to your reservation confirmation to verify your cancellation policy. If", "terms_conditions": "Terms and conditions are the vital details that businesses put in place to ensure that they protect their rights. However, you should also ensure that they are legal, enforceable, and serve their inte", "notes": "notes", "master": 2}}, {"model": "property.triptranslation", "pk": 4, "fields": {"language_code": "ar-sa", "title": "فندق بليند كلوب أكوا ريزورت", "description": "أربع نجوم، تم بنائه عام 2007، تم تجديده عام 2022، 162 غرفة، 3 مباني، طابقين، 2 مصعد، ردهة واسعة وأنيقة، استقبال 24 ساعة، مطعم فنتي الرئيسي - وجبات بوفيه، مأكولات عالمية، مطعم سفرة على الشاطئ - قائمة طعام انتقائية ومأكولات شرقية وكراسي مرتفعة وقوائم طعام للأطفال متوفرة في المطاعم وأطباق نباتية و3 بارات: في الردهة وبجوار حمام السباحة ومطعم للوجبات الخفيفة بجوار الحديقة المائية؛ متجر للهدايا التذكارية، صرف العملات؛ إنترنت لاسلكي مجاني في الأماكن العامة؛ الرسوم الإضافية: خدمة الغرف، رعاية الأطفال، طبيب تحت الطلب، غسيل الملابس؛ بطاقات الائتمان المقبولة: فيزا، ماستركارد.", "slug": "فندق بليند كلوب أكوا ريزورت", "trip_summary": "ملخص الرحلة", "accommodation": "إقامة كاملة", "includes_and_excludes": "ما تشمله الرحله و ما لا تشمله", "itinerary": "ستة ايام في الغردقة", "cancellation_policy": "ما هي سياسة الإلغاء؟ قد تختلف سياسات الإلغاء حسب سعر أو تواريخ حجزك. يرجى الرجوع إلى تأكيد الحجز الخاص بك للتحقق من سياسة الإلغاء الخاصة بك. لو", "terms_conditions": "الشروط والأحكام هي التفاصيل الحيوية التي تضعها الشركات لضمان حماية حقوقها. ومع ذلك، يجب عليك أيضًا التأكد من أنها قانونية وقابلة للتنفيذ وتخدم مصالحها", "notes": "ملاحظات", "master": 2}}, {"model": "property.triptranslation", "pk": 5, "fields": {"language_code": "en-us", "title": "Hotel Jaz Aquaviva", "description": "five-star, built in 2015, 487 rooms, main building with elevator and 4 buildings with rooms, 2-3 floors, spacious and elegant lobby, 24h reception, Amaraya restaurant - buffet meals, international cuisine, children's highchairs and menu available, vegetarian dishes, 2 à la carte restaurants (earlier reservation required): Paprika - Italian cuisine, Flafela - Oriental cuisine, highchairs for children available, 4 bars: Court Yard by the pool, Liquid in the lobby, beach bar, Shisha Corner on the roof (not included in all-inclusive); ATM, souvenir shop; terrace overlooking the aquapark, free wireless Internet (150 MB/room/stay); extra charges: room service, childcare, on-call doctor, laundry, hairdresser, beauty salon; credit cards accepted: Visa, MasterCard, American Express, Diners Club.", "slug": "Hotel Jaz Aquaviva", "trip_summary": "trip summary", "accommodation": "full board", "includes_and_excludes": "Includes and excludes", "itinerary": "7 days in hurghada", "cancellation_policy": "What's the cancellation policy? Cancellation policies may vary depending on the rate or dates of your reservation. Please refer to your reservation confirmation to verify your cancellation policy. If", "terms_conditions": "Terms and conditions are the vital details that businesses put in place to ensure that they protect their rights. However, you should also ensure that they are legal, enforceable, and serve their inte", "notes": "notes", "master": 3}}, {"model": "property.triptranslation", "pk": 6, "fields": {"language_code": "ar-sa", "title": "فندق جاز أكوافيفا", "description": "خمس نجوم، تم بناؤه عام 2015، 487 غرفة، المبنى الرئيسي مع مصعد و 4 مباني مع غرف، 2-3 طوابق، ردهة واسعة وأنيقة، استقبال 24 ساعة، مطعم عمارايا - وجبات بوفيه، مأكولات عالمية، كراسي مرتفعة للأطفال وقائمة طعام متاحة، نباتي أطباق ومطعمان انتقائيان (الحجز المبكر مطلوب): بابريكا - مطبخ إيطالي، فلافيلا - مطبخ شرقي، كراسي عالية للأطفال متاحة، 4 بارات: كورت يارد بجانب المسبح، سائل في الردهة، بار الشاطئ، ركن الشيشة على السطح (غير متضمنة في السعر الشامل)؛ أجهزة الصراف الآلي، متجر للهدايا التذكارية. شرفة مطلة على الحديقة المائية، إنترنت لاسلكي مجاني (150 ميجابايت/غرفة/إقامة)؛ الرسوم الإضافية: خدمة الغرف، رعاية الأطفال، طبيب تحت الطلب، غسيل الملابس، مصفف شعر، صالون تجميل؛ بطاقات الائتمان المقبولة: Visa، MasterCard، American Express، Diners Club.", "slug": "فندق جاز أكوافيفا", "trip_summary": "ملخص الرحلة", "accommodation": "إقامة كاملة", "includes_and_excludes": "ما تشمله الرحله و ما لا تشمله", "itinerary": "سبعة ايام في الغردقة", "cancellation_policy": "ما هي سياسة الإلغاء؟ قد تختلف سياسات الإلغاء حسب سعر أو تواريخ حجزك. يرجى الرجوع إلى تأكيد الحجز الخاص بك للتحقق من سياسة الإلغاء الخاصة بك. لو", "terms_conditions": "الشروط والأحكام هي التفاصيل الحيوية التي تضعها الشركات لضمان حماية حقوقها. ومع ذلك، يجب عليك أيضًا التأكد من أنها قانونية وقابلة للتنفيذ وتخدم مصالحها", "notes": "ملاحظات", "master": 3}}, {"model": "property.triptranslation", "pk": 7, "fields": {"language_code": "en-us", "title": "Hotel Mövenpick Waterpark Resort & Spa Soma Bay", "description": "Elegant interiors, modern solutions, Aquapark Splash Mania, and lots of fun – so you can briefly describe the hotel of the world-famous Mövenpick chain. Scheduled in the smallest detail, enchants from the entrance of the impressive size lobby, impresses with comfortable rooms, and pampers the palate with delicacies from the hotel restaurants. A great place for water sports enthusiasts, in particular lovers of the underwater world – right next to the beach with a diving center and the possibility of water sports. In the afternoon it is best to relax with a drink or go to the spa with various treatments and massages and a well-prepared gym.", "slug": "Hotel Mövenpick Waterpark Resort & Spa Soma Bay", "trip_summary": "trip summary", "accommodation": "full board", "includes_and_excludes": "Includes and excludes", "itinerary": "7 days in hurghada", "cancellation_policy": "What's the cancellation policy? Cancellation policies may vary depending on the rate or dates of your reservation. Please refer to your reservation confirmation to verify your cancellation policy. If", "terms_conditions": "Terms and conditions are the vital details that businesses put in place to ensure that they protect their rights. However, you should also ensure that they are legal, enforceable, and serve their inte", "notes": "notes", "master": 4}}, {"model": "property.triptranslation", "pk": 8, "fields": {"language_code": "ar-sa", "title": "فندق منتجع وسبا موفنبيك ووتربارك خليج سوما", "description": "تصميمات داخلية أنيقة وحلول حديثة وأكوابارك سبلاش هوس والكثير من المرح - لذا يمكنك أن تصف بإيجاز فندق سلسلة موفنبيك المشهورة عالميًا. تم تصميمه بأدق التفاصيل، وهو يفتن من مدخل الردهة الرائعة الحجم، ويثير إعجابك بغرفه المريحة، ويدلل ذوقك بالمأكولات الشهية من مطاعم الفندق. مكان رائع لعشاق الرياضات المائية، وخاصة عشاق عالم ما تحت الماء – بجوار الشاطئ مباشرة مع مركز للغوص وإمكانية ممارسة الرياضات المائية. من الأفضل الاسترخاء في فترة ما بعد الظهر مع مشروب أو الذهاب إلى المنتجع الصحي مع العلاجات المختلفة وجلسات المساج وصالة الألعاب الرياضية المُجهزة جيدًا.", "slug": "فندق منتجع وسبا موفنبيك ووتربارك خليج سوما", "trip_summary": "ملخص الرحلة", "accommodation": "إقامة كاملة", "includes_and_excludes": "ما تشمله الرحله و ما لا تشمله", "itinerary": "سبعة ايام في الغردقة", "cancellation_policy": "ما هي سياسة الإلغاء؟ قد تختلف سياسات الإلغاء حسب سعر أو تواريخ حجزك. يرجى الرجوع إلى تأكيد الحجز الخاص بك للتحقق من سياسة الإلغاء الخاصة بك. لو", "terms_conditions": "الشروط والأحكام هي التفاصيل الحيوية التي تضعها الشركات لضمان حماية حقوقها. ومع ذلك، يجب عليك أيضًا التأكد من أنها قانونية وقابلة للتنفيذ وتخدم مصالحها", "notes": "ملاحظات", "master": 4}}, {"model": "property.triptranslation", "pk": 9, "fields": {"language_code": "en-us", "title": "Hotel Maritim Jolie Ville Golf & Resort", "description": "five-star, well-maintained and elegant, built-in 1998, renovated in 2015, 418 rooms, several buildings, up to 2 floors, elevator, spacious lobby, 24h reception, main restaurant Les Palmiers - buffet meals, Pool BBQ restaurant, 7 à la carte restaurants, among others Jolie Bistro - international cuisine, Zaman - Lebanese, Mandarin - Chinese, Mikado - Japanese, Jolie Noodles House - Asian, Dolphin - seafood, highchairs for children available in the restaurants, 6 bars, including in the lobby, by the pool and on the beach; shops with jewelry and souvenirs, money exchange; garden; free wireless Internet in the lobby; extra charge: Internet point, room-service, hairdresser; credit cards accepted: Visa, MasterCard.", "slug": "Hotel Maritim Jolie Ville Golf & Resort", "trip_summary": "trip summary", "accommodation": "full board", "includes_and_excludes": "Includes and excludes", "itinerary": "6 days in hurghada", "cancellation_policy": "What's the cancellation policy? Cancellation policies may vary depending on the rate or dates of your reservation. Please refer to your reservation confirmation to verify your cancellation policy. If", "terms_conditions": "Terms and conditions are the vital details that businesses put in place to ensure that they protect their rights. However, you should also ensure that they are legal, enforceable, and serve their inte", "notes": "notes", "master": 5}}, {"model": "property.triptranslation", "pk": 10, "fields": {"language_code": "ar-sa", "title": "فندق ومنتجع ماريتيم جولي فيل جولف", "description": "خمس نجوم، مصان جيدًا وأنيق، تم بناؤه عام 1998، وتم تجديده عام 2015، 418 غرفة، عدة مباني، حتى طابقين، مصعد، ردهة واسعة، استقبال 24 ساعة، المطعم الرئيسي Les Palmiers - وجبات بوفيه، مطعم للشواء على حمام السباحة، 7 مطاعم انتقائية، من بين أمور أخرى، جولي بيسترو - مأكولات عالمية، زمان - لبناني، مندرين - صيني، ميكادو - ياباني، جولي نودلز هاوس - آسيوي، دولفين - مأكولات بحرية، كراسي عالية للأطفال متوفرة في المطاعم، 6 بارات، بما في ذلك في الردهة بجوار حمام السباحة وعلى الشاطئ؛ محلات المجوهرات والهدايا التذكارية، ومحلات الصرافة؛ حديقة؛ إنترنت لاسلكي مجاني في الردهة؛ رسوم إضافية: نقطة إنترنت، خدمة الغرف، مصفف شعر؛ بطاقات الائتمان المقبولة: فيزا، ماستركارد.", "slug": "فندق ومنتجع ماريتيم جولي فيل جولف", "trip_summary": "ملخص الرحلة", "accommodation": "إقامة كاملة", "includes_and_excludes": "ما تشمله الرحله و ما لا تشمله", "itinerary": "ستة ايام في الغردقة", "cancellation_policy": "ما هي سياسة الإلغاء؟ قد تختلف سياسات الإلغاء حسب سعر أو تواريخ حجزك. يرجى الرجوع إلى تأكيد الحجز الخاص بك للتحقق من سياسة الإلغاء الخاصة بك. لو", "terms_conditions": "الشروط والأحكام هي التفاصيل الحيوية التي تضعها الشركات لضمان حماية حقوقها. ومع ذلك، يجب عليك أيضًا التأكد من أنها قانونية وقابلة للتنفيذ وتخدم مصالحها", "notes": "ملاحظات", "master": 5}}, {"model": "property.triptranslation", "pk": 11, "fields": {"language_code": "en-us", "title": "Hotel Royal Albatros Moderna", "description": "five-star, built in 2004, partly renovated in 2016, 680 rooms, main building and 5 buildings with rooms, 2 floors, elevator in the main building, spacious and elegant lobby, 24h reception, 5 buffet restaurants: Mediterranean - international cuisine, Tagine - Oriental cuisine, Zum Kaiser - German cuisine, L'Asiatique - Indian and Chinese cuisine and Soprano - Italian cuisine; highchairs for children available in restaurants, restaurant by the beach - snacks, pizza, hamburgers; à la carte restaurant - Thai cuisine and sushi bar (not included in all-inclusive), 14 bars, including pool bar and beach bar; water pipe and bar White Elephant (not included in all-inclusive); chemist's, shopping arcade: leather haberdashery, souvenirs, reading room, ATM; conference center for 60 people, terrace with a view of the complex of swimming pools, free wireless Internet in the lobby; extra charges: Internet point, on-call doctor, laundry, photographer; credit cards accepted: Visa, MasterCard.", "slug": "Hotel Royal Albatros Moderna", "trip_summary": "trip summary", "accommodation": "full board", "includes_and_excludes": "Includes and excludes", "itinerary": "7 days in hurghada", "cancellation_policy": "What's the cancellation policy? Cancellation policies may vary depending on the rate or dates of your reservation. Please refer to your reservation confirmation to verify your cancellation policy. If", "terms_conditions": "Terms and conditions are the vital details that businesses put in place to ensure that they protect their rights. However, you should also ensure that they are legal, enforceable, and serve their inte", "notes": "notes", "master": 6}}, {"model": "property.triptranslation", "pk": 12, "fields": {"language_code": "ar-sa", "title": "فندق رويال الباتروس مودرنا", "description": "خمس نجوم، بني عام 2004، تم تجديده جزئيًا عام 2016، 680 غرفة، المبنى الرئيسي و5 مباني بها غرف، طابقين، مصعد في المبنى الرئيسي، ردهة واسعة وأنيقة، استقبال 24 ساعة، 5 مطاعم بوفيه: البحر الأبيض المتوسط - المأكولات العالمية، الطاجين - المطبخ الشرقي، زوم كايزر - المطبخ الألماني، لاسياتيك - المطبخ الهندي والصيني والسوبرانو - المطبخ الإيطالي؛ الكراسي العالية للأطفال متوفرة في المطاعم، مطعم على الشاطئ - الوجبات الخفيفة، البيتزا، الهامبرغر؛ مطعم انتقائي - يقدم المأكولات التايلاندية وبار السوشي (غير متضمن في الإقامة الشاملة كليًا)، و14 بارًا، بما في ذلك بار المسبح وبار الشاطئ؛ أنابيب المياه وبار White Elephant (غير متضمنة في السعر الشامل كليًا)؛ الصيدلية، رواق التسوق: الخردوات الجلدية، الهدايا التذكارية، غرفة القراءة، أجهزة الصراف الآلي؛ مركز مؤتمرات يتسع لـ 60 شخصًا، شرفة مطلة على مجمع حمامات السباحة، إنترنت لاسلكي مجاني في الردهة؛ الرسوم الإضافية: نقطة إنترنت، طبيب تحت الطلب، غسيل الملابس، مصور فوتوغرافي؛ بطاقات الائتمان المقبولة: فيزا، ماستركارد.", "slug": "فندق رويال الباتروس مودرنا", "trip_summary": "ملخص الرحلة", "accommodation": "إقامة كاملة", "includes_and_excludes": "ما تشمله الرحله و ما لا تشمله", "itinerary": "سبعة ايام في الغردقة", "cancellation_policy": "ما هي سياسة الإلغاء؟ قد تختلف سياسات الإلغاء حسب سعر أو تواريخ حجزك. يرجى الرجوع إلى تأكيد الحجز الخاص بك للتحقق من سياسة الإلغاء الخاصة بك. لو", "terms_conditions": "الشروط والأحكام هي التفاصيل الحيوية التي تضعها الشركات لضمان حماية حقوقها. ومع ذلك، يجب عليك أيضًا التأكد من أنها قانونية وقابلة للتنفيذ وتخدم مصالحها", "notes": "ملاحظات", "master": 6}}, {"model": "property.trip", "pk": 1, "fields": {"stars": "* * * * *", "price_of_single_room_by_person_night": 9000, "price_of_double_room_by_person_night": 3000, "price_of_triple_room_by_person_night": 3000, "price_of_single_room_by_night": 9000, "price_of_double_room_by_night": 6000, "price_of_triple_room_by_night": 9000, "image": "property/hrgamcr_0.jpg", "place": 2, "category": 3, "created_at": "2023-09-13T21:28:06Z", "number_of_guests": 0, "number_of_rooms": 0, "duration": 7, "price_per_child": 1500, "check_in": "2023-09-21", "check_out": "2023-09-28"}}, {"model": "property.trip", "pk": 2, "fields": {"stars": "* * * *", "price_of_single_room_by_person_night": 3000, "price_of_double_room_by_person_night": 1000, "price_of_triple_room_by_person_night": 1000, "price_of_single_room_by_night": 3000, "price_of_double_room_by_night": 2000, "price_of_triple_room_by_night": 3000, "image": "property/hrgblen_18.jpg", "place": 2, "category": 2, "created_at": "2023-09-13T21:53:55Z", "number_of_guests": 0, "number_of_rooms": 0, "duration": 6, "price_per_child": 500, "check_in": "2023-12-20", "check_out": "2023-12-26"}}, {"model": "property.trip", "pk": 3, "fields": {"stars": "* * * * *", "price_of_single_room_by_person_night": 9000, "price_of_double_room_by_person_night": 3000, "price_of_triple_room_by_person_night": 3000, "price_of_single_room_by_night": 9000, "price_of_double_room_by_night": 6000, "price_of_triple_room_by_night": 9000, "image": "property/hrgvivg_20.jpg", "place": 2, "category": 3, "created_at": "2023-09-13T23:00:22Z", "number_of_guests": 0, "number_of_rooms": 0, "duration": 7, "price_per_child": 1500, "check_in": "2023-11-01", "check_out": "2023-11-08"}}, {"model": "property.trip", "pk": 4, "fields": {"stars": "* * * * *", "price_of_single_room_by_person_night": 9000, "price_of_double_room_by_person_night": 3000, "price_of_triple_room_by_person_night": 3000, "price_of_single_room_by_night": 9000, "price_of_double_room_by_night": 6000, "price_of_triple_room_by_night": 9000, "image": "property/hrgsomg_0.jpg", "place": 2, "category": 3, "created_at": "2023-09-13T23:19:37Z", "number_of_guests": 0, "number_of_rooms": 0, "duration": 7, "price_per_child": 1500, "check_in": "2023-10-17", "check_out": "2023-10-24"}}, {"model": "property.trip", "pk": 5, "fields": {"stars": "* * * * *", "price_of_single_room_by_person_night": 6000, "price_of_double_room_by_person_night": 2000, "price_of_triple_room_by_person_night": 2000, "price_of_single_room_by_night": 6000, "price_of_double_room_by_night": 4000, "price_of_triple_room_by_night": 6000, "image": "property/sshjoli_27.jpg", "place": 1, "category": 3, "created_at": "2023-09-13T23:51:41Z", "number_of_guests": 0, "number_of_rooms": 0, "duration": 6, "price_per_child": 1000, "check_in": "2023-10-01", "check_out": "2023-10-07"}}, {"model": "property.trip", "pk": 6, "fields": {"stars": "* * * * *", "price_of_single_room_by_person_night": 9000, "price_of_double_room_by_person_night": 3000, "price_of_triple_room_by_person_night": 3000, "price_of_single_room_by_night": 9000, "price_of_double_room_by_night": 6000, "price_of_triple_room_by_night": 9000, "image": "property/sshromo_17.jpg", "place": 1, "category": 3, "created_at": "2023-09-14T00:07:53Z", "number_of_guests": 0, "number_of_rooms": 0, "duration": 7, "price_per_child": 1500, "check_in": "2023-09-21", "check_out": "2023-09-28"}}, {"model": "property.tripgallery", "pk": 1, "fields": {"trip": 1, "image": "trip_images/hrgamcr_0.jpg"}}, {"model": "property.tripgallery", "pk": 2, "fields": {"trip": 1, "image": "trip_images/hrgamcr_1.jpg"}}, {"model": "property.tripgallery", "pk": 3, "fields": {"trip": 1, "image": "trip_images/hrgamcr_2.jpg"}}, {"model": "property.tripgallery", "pk": 4, "fields": {"trip": 1, "image": "trip_images/hrgamcr_3.jpg"}}, {"model": "property.tripgallery", "pk": 5, "fields": {"trip": 1, "image": "trip_images/hrgamcr_4.jpg"}}, {"model": "property.tripgallery", "pk": 6, "fields": {"trip": 1, "image": "trip_images/hrgamcr_5.jpg"}}, {"model": "property.tripgallery", "pk": 7, "fields": {"trip": 1, "image": "trip_images/hrgamcr_6.jpg"}}, {"model": "property.tripgallery", "pk": 8, "fields": {"trip": 1, "image": "trip_images/hrgamcr_7.jpg"}}, {"model": "property.tripgallery", "pk": 9, "fields": {"trip": 1, "image": "trip_images/hrgamcr_8.jpg"}}, {"model": "property.tripgallery", "pk": 10, "fields": {"trip": 1, "image": "trip_images/hrgamcr_9.jpg"}}, {"model": "property.tripgallery", "pk": 11, "fields": {"trip": 1, "image": "trip_images/hrgamcr_10.jpg"}}, {"model": "property.tripgallery", "pk": 12, "fields": {"trip": 1, "image": "trip_images/hrgamcr_12.jpg"}}, {"model": "property.tripgallery", "pk": 13, "fields": {"trip": 1, "image": "trip_images/hrgamcr_13.jpg"}}, {"model": "property.tripgallery", "pk": 14, "fields": {"trip": 1, "image": "trip_images/hrgamcr_14.jpg"}}, {"model": "property.tripgallery", "pk": 15, "fields": {"trip": 1, "image": "trip_images/hrgamcr_15.jpg"}}, {"model": "property.tripgallery", "pk": 16, "fields": {"trip": 1, "image": "trip_images/hrgamcr_16.jpg"}}, {"model": "property.tripgallery", "pk": 17, "fields": {"trip": 1, "image": "trip_images/hrgamcr_17.jpg"}}, {"model": "property.tripgallery", "pk": 18, "fields": {"trip": 1, "image": "trip_images/hrgamcr_18.jpg"}}, {"model": "property.tripgallery", "pk": 19, "fields": {"trip": 1, "image": "trip_images/hrgamcr_19.jpg"}}, {"model": "property.tripgallery", "pk": 20, "fields": {"trip": 1, "image": "trip_images/hrgamcr_20.jpg"}}, {"model": "property.tripgallery", "pk": 21, "fields": {"trip": 1, "image": "trip_images/hrgamcr_21.jpg"}}, {"model": "property.tripgallery", "pk": 22, "fields": {"trip": 1, "image": "trip_images/hrgamcr_22.jpg"}}, {"model": "property.tripgallery", "pk": 23, "fields": {"trip": 1, "image": "trip_images/hrgamcr_23.jpg"}}, {"model": "property.tripgallery", "pk": 24, "fields": {"trip": 1, "image": "trip_images/hrgamcr_24.jpg"}}, {"model": "property.tripgallery", "pk": 25, "fields": {"trip": 1, "image": "trip_images/hrgamcr_25.jpg"}}, {"model": "property.tripgallery", "pk": 26, "fields": {"trip": 1, "image": "trip_images/hrgamcr_26.jpg"}}, {"model": "property.tripgallery", "pk": 27, "fields": {"trip": 1, "image": "trip_images/hrgamcr_27.jpg"}}, {"model": "property.tripgallery", "pk": 28, "fields": {"trip": 1, "image": "trip_images/hrgamcr_28.jpg"}}, {"model": "property.tripgallery", "pk": 29, "fields": {"trip": 1, "image": "trip_images/hrgamcr_29.jpg"}}, {"model": "property.tripgallery", "pk": 30, "fields": {"trip": 1, "image": "trip_images/hrgamcr_30.jpg"}}, {"model": "property.tripgallery", "pk": 31, "fields": {"trip": 1, "image": "trip_images/hrgamcr_31.jpg"}}, {"model": "property.tripgallery", "pk": 32, "fields": {"trip": 1, "image": "trip_images/hrgamcr_32.jpg"}}, {"model": "property.tripgallery", "pk": 33, "fields": {"trip": 1, "image": "trip_images/hrgamcr_33.jpg"}}, {"model": "property.tripgallery", "pk": 34, "fields": {"trip": 1, "image": "trip_images/hrgamcr_34.jpg"}}, {"model": "property.tripgallery", "pk": 35, "fields": {"trip": 1, "image": "trip_images/hrgamcr_35.jpg"}}, {"model": "property.tripgallery", "pk": 36, "fields": {"trip": 2, "image": "trip_images/hrgblen_0.jpg"}}, {"model": "property.tripgallery", "pk": 37, "fields": {"trip": 2, "image": "trip_images/hrgblen_1.jpg"}}, {"model": "property.tripgallery", "pk": 38, "fields": {"trip": 2, "image": "trip_images/hrgblen_2.jpg"}}, {"model": "property.tripgallery", "pk": 39, "fields": {"trip": 2, "image": "trip_images/hrgblen_3.jpg"}}, {"model": "property.tripgallery", "pk": 40, "fields": {"trip": 2, "image": "trip_images/hrgblen_4.jpg"}}, {"model": "property.tripgallery", "pk": 41, "fields": {"trip": 2, "image": "trip_images/hrgblen_5.jpg"}}, {"model": "property.tripgallery", "pk": 42, "fields": {"trip": 2, "image": "trip_images/hrgblen_6.jpg"}}, {"model": "property.tripgallery", "pk": 43, "fields": {"trip": 2, "image": "trip_images/hrgblen_7.jpg"}}, {"model": "property.tripgallery", "pk": 44, "fields": {"trip": 2, "image": "trip_images/hrgblen_8.jpg"}}, {"model": "property.tripgallery", "pk": 45, "fields": {"trip": 2, "image": "trip_images/hrgblen_9.jpg"}}, {"model": "property.tripgallery", "pk": 46, "fields": {"trip": 2, "image": "trip_images/hrgblen_10.jpg"}}, {"model": "property.tripgallery", "pk": 47, "fields": {"trip": 2, "image": "trip_images/hrgblen_11.jpg"}}, {"model": "property.tripgallery", "pk": 48, "fields": {"trip": 2, "image": "trip_images/hrgblen_12.jpg"}}, {"model": "property.tripgallery", "pk": 49, "fields": {"trip": 2, "image": "trip_images/hrgblen_13.jpg"}}, {"model": "property.tripgallery", "pk": 50, "fields": {"trip": 2, "image": "trip_images/hrgblen_14.jpg"}}, {"model": "property.tripgallery", "pk": 51, "fields": {"trip": 2, "image": "trip_images/hrgblen_15.jpg"}}, {"model": "property.tripgallery", "pk": 52, "fields": {"trip": 2, "image": "trip_images/hrgblen_16.jpg"}}, {"model": "property.tripgallery", "pk": 53, "fields": {"trip": 2, "image": "trip_images/hrgblen_17.jpg"}}, {"model": "property.tripgallery", "pk": 54, "fields": {"trip": 2, "image": "trip_images/hrgblen_18.jpg"}}, {"model": "property.tripgallery", "pk": 55, "fields": {"trip": 2, "image": "trip_images/hrgblen_19.jpg"}}, {"model": "property.tripgallery", "pk": 56, "fields": {"trip": 2, "image": "trip_images/hrgblen_20.jpg"}}, {"model": "property.tripgallery", "pk": 57, "fields": {"trip": 2, "image": "trip_images/hrgblen_21.jpg"}}, {"model": "property.tripgallery", "pk": 58, "fields": {"trip": 2, "image": "trip_images/hrgblen_22.jpg"}}, {"model": "property.tripgallery", "pk": 59, "fields": {"trip": 2, "image": "trip_images/hrgblen_23.jpg"}}, {"model": "property.tripgallery", "pk": 60, "fields": {"trip": 3, "image": "trip_images/hrgvivg_0.jpg"}}, {"model": "property.tripgallery", "pk": 61, "fields": {"trip": 3, "image": "trip_images/hrgvivg_1.jpg"}}, {"model": "property.tripgallery", "pk": 62, "fields": {"trip": 3, "image": "trip_images/hrgvivg_2.jpg"}}, {"model": "property.tripgallery", "pk": 63, "fields": {"trip": 3, "image": "trip_images/hrgvivg_3.jpg"}}, {"model": "property.tripgallery", "pk": 64, "fields": {"trip": 3, "image": "trip_images/hrgvivg_4.jpg"}}, {"model": "property.tripgallery", "pk": 65, "fields": {"trip": 3, "image": "trip_images/hrgvivg_5.jpg"}}, {"model": "property.tripgallery", "pk": 66, "fields": {"trip": 3, "image": "trip_images/hrgvivg_6.jpg"}}, {"model": "property.tripgallery", "pk": 67, "fields": {"trip": 3, "image": "trip_images/hrgvivg_7.jpg"}}, {"model": "property.tripgallery", "pk": 68, "fields": {"trip": 3, "image": "trip_images/hrgvivg_8.jpg"}}, {"model": "property.tripgallery", "pk": 69, "fields": {"trip": 3, "image": "trip_images/hrgvivg_9.jpg"}}, {"model": "property.tripgallery", "pk": 70, "fields": {"trip": 3, "image": "trip_images/hrgvivg_10.jpg"}}, {"model": "property.tripgallery", "pk": 71, "fields": {"trip": 3, "image": "trip_images/hrgvivg_11.jpg"}}, {"model": "property.tripgallery", "pk": 72, "fields": {"trip": 3, "image": "trip_images/hrgvivg_12.jpg"}}, {"model": "property.tripgallery", "pk": 73, "fields": {"trip": 3, "image": "trip_images/hrgvivg_13.jpg"}}, {"model": "property.tripgallery", "pk": 74, "fields": {"trip": 3, "image": "trip_images/hrgvivg_14.jpg"}}, {"model": "property.tripgallery", "pk": 75, "fields": {"trip": 3, "image": "trip_images/hrgvivg_15.jpg"}}, {"model": "property.tripgallery", "pk": 76, "fields": {"trip": 3, "image": "trip_images/hrgvivg_16.jpg"}}, {"model": "property.tripgallery", "pk": 77, "fields": {"trip": 3, "image": "trip_images/hrgvivg_17.jpg"}}, {"model": "property.tripgallery", "pk": 78, "fields": {"trip": 3, "image": "trip_images/hrgvivg_18.jpg"}}, {"model": "property.tripgallery", "pk": 79, "fields": {"trip": 3, "image": "trip_images/hrgvivg_19.jpg"}}, {"model": "property.tripgallery", "pk": 80, "fields": {"trip": 3, "image": "trip_images/hrgvivg_20.jpg"}}, {"model": "property.tripgallery", "pk": 81, "fields": {"trip": 3, "image": "trip_images/hrgvivg_21.jpg"}}, {"model": "property.tripgallery", "pk": 82, "fields": {"trip": 3, "image": "trip_images/hrgvivg_22.jpg"}}, {"model": "property.tripgallery", "pk": 83, "fields": {"trip": 4, "image": "trip_images/hrgsomg_0.jpg"}}, {"model": "property.tripgallery", "pk": 84, "fields": {"trip": 4, "image": "trip_images/hrgsomg_2.jpg"}}, {"model": "property.tripgallery", "pk": 85, "fields": {"trip": 4, "image": "trip_images/hrgsomg_3.jpg"}}, {"model": "property.tripgallery", "pk": 86, "fields": {"trip": 4, "image": "trip_images/hrgsomg_4.jpg"}}, {"model": "property.tripgallery", "pk": 87, "fields": {"trip": 4, "image": "trip_images/hrgsomg_5.jpg"}}, {"model": "property.tripgallery", "pk": 88, "fields": {"trip": 4, "image": "trip_images/hrgsomg_6.jpg"}}, {"model": "property.tripgallery", "pk": 89, "fields": {"trip": 4, "image": "trip_images/hrgsomg_7.jpg"}}, {"model": "property.tripgallery", "pk": 90, "fields": {"trip": 4, "image": "trip_images/hrgsomg_8.jpg"}}, {"model": "property.tripgallery", "pk": 91, "fields": {"trip": 4, "image": "trip_images/hrgsomg_9.jpg"}}, {"model": "property.tripgallery", "pk": 92, "fields": {"trip": 4, "image": "trip_images/hrgsomg_10.jpg"}}, {"model": "property.tripgallery", "pk": 93, "fields": {"trip": 4, "image": "trip_images/hrgsomg_11.jpg"}}, {"model": "property.tripgallery", "pk": 94, "fields": {"trip": 4, "image": "trip_images/hrgsomg_12.jpg"}}, {"model": "property.tripgallery", "pk": 95, "fields": {"trip": 4, "image": "trip_images/hrgsomg_13.jpg"}}, {"model": "property.tripgallery", "pk": 96, "fields": {"trip": 4, "image": "trip_images/hrgsomg_14.jpg"}}, {"model": "property.tripgallery", "pk": 97, "fields": {"trip": 4, "image": "trip_images/hrgsomg_15.jpg"}}, {"model": "property.tripgallery", "pk": 98, "fields": {"trip": 4, "image": "trip_images/hrgsomg_16.jpg"}}, {"model": "property.tripgallery", "pk": 99, "fields": {"trip": 4, "image": "trip_images/hrgsomg_17.jpg"}}, {"model": "property.tripgallery", "pk": 100, "fields": {"trip": 4, "image": "trip_images/hrgsomg_18.jpg"}}, {"model": "property.tripgallery", "pk": 101, "fields": {"trip": 4, "image": "trip_images/hrgsomg_19.jpg"}}, {"model": "property.tripgallery", "pk": 102, "fields": {"trip": 4, "image": "trip_images/hrgsomg_20.jpg"}}, {"model": "property.tripgallery", "pk": 103, "fields": {"trip": 4, "image": "trip_images/hrgsomg_21.jpg"}}, {"model": "property.tripgallery", "pk": 104, "fields": {"trip": 4, "image": "trip_images/hrgsomg_22.jpg"}}, {"model": "property.tripgallery", "pk": 105, "fields": {"trip": 4, "image": "trip_images/hrgsomg_23.jpg"}}, {"model": "property.tripgallery", "pk": 106, "fields": {"trip": 4, "image": "trip_images/hrgsomg_24.jpg"}}, {"model": "property.tripgallery", "pk": 107, "fields": {"trip": 4, "image": "trip_images/hrgsomg_25.jpg"}}, {"model": "property.tripgallery", "pk": 108, "fields": {"trip": 5, "image": "trip_images/sshjoli_0.jpg"}}, {"model": "property.tripgallery", "pk": 109, "fields": {"trip": 5, "image": "trip_images/sshjoli_1.webp"}}, {"model": "property.tripgallery", "pk": 110, "fields": {"trip": 5, "image": "trip_images/sshjoli_2.webp"}}, {"model": "property.tripgallery", "pk": 111, "fields": {"trip": 5, "image": "trip_images/sshjoli_3.jpg"}}, {"model": "property.tripgallery", "pk": 112, "fields": {"trip": 5, "image": "trip_images/sshjoli_4.jpg"}}, {"model": "property.tripgallery", "pk": 113, "fields": {"trip": 5, "image": "trip_images/sshjoli_5.webp"}}, {"model": "property.tripgallery", "pk": 114, "fields": {"trip": 5, "image": "trip_images/sshjoli_6.webp"}}, {"model": "property.tripgallery", "pk": 115, "fields": {"trip": 5, "image": "trip_images/sshjoli_7.webp"}}, {"model": "property.tripgallery", "pk": 116, "fields": {"trip": 5, "image": "trip_images/sshjoli_8.jpg"}}, {"model": "property.tripgallery", "pk": 117, "fields": {"trip": 5, "image": "trip_images/sshjoli_9.jpg"}}, {"model": "property.tripgallery", "pk": 118, "fields": {"trip": 5, "image": "trip_images/sshjoli_10.jpg"}}, {"model": "property.tripgallery", "pk": 119, "fields": {"trip": 5, "image": "trip_images/sshjoli_11.webp"}}, {"model": "property.tripgallery", "pk": 120, "fields": {"trip": 5, "image": "trip_images/sshjoli_12.webp"}}, {"model": "property.tripgallery", "pk": 121, "fields": {"trip": 5, "image": "trip_images/sshjoli_13.webp"}}, {"model": "property.tripgallery", "pk": 122, "fields": {"trip": 5, "image": "trip_images/sshjoli_14.webp"}}, {"model": "property.tripgallery", "pk": 123, "fields": {"trip": 5, "image": "trip_images/sshjoli_15.jpg"}}, {"model": "property.tripgallery", "pk": 124, "fields": {"trip": 5, "image": "trip_images/sshjoli_16.webp"}}, {"model": "property.tripgallery", "pk": 125, "fields": {"trip": 5, "image": "trip_images/sshjoli_17.webp"}}, {"model": "property.tripgallery", "pk": 126, "fields": {"trip": 5, "image": "trip_images/sshjoli_18.webp"}}, {"model": "property.tripgallery", "pk": 127, "fields": {"trip": 5, "image": "trip_images/sshjoli_19.webp"}}, {"model": "property.tripgallery", "pk": 128, "fields": {"trip": 5, "image": "trip_images/sshjoli_20.jpg"}}, {"model": "property.tripgallery", "pk": 129, "fields": {"trip": 5, "image": "trip_images/sshjoli_21.webp"}}, {"model": "property.tripgallery", "pk": 130, "fields": {"trip": 5, "image": "trip_images/sshjoli_22.jpg"}}, {"model": "property.tripgallery", "pk": 131, "fields": {"trip": 5, "image": "trip_images/sshjoli_23.jpg"}}, {"model": "property.tripgallery", "pk": 132, "fields": {"trip": 5, "image": "trip_images/sshjoli_24.jpg"}}, {"model": "property.tripgallery", "pk": 133, "fields": {"trip": 5, "image": "trip_images/sshjoli_25.jpg"}}, {"model": "property.tripgallery", "pk": 134, "fields": {"trip": 5, "image": "trip_images/sshjoli_26.jpg"}}, {"model": "property.tripgallery", "pk": 135, "fields": {"trip": 5, "image": "trip_images/sshjoli_27.jpg"}}, {"model": "property.tripgallery", "pk": 136, "fields": {"trip": 5, "image": "trip_images/sshjoli_29.jpg"}}, {"model": "property.tripgallery", "pk": 137, "fields": {"trip": 5, "image": "trip_images/sshjoli_30.jpg"}}, {"model": "property.tripgallery", "pk": 138, "fields": {"trip": 5, "image": "trip_images/sshjoli_31.jpg"}}, {"model": "property.tripgallery", "pk": 139, "fields": {"trip": 5, "image": "trip_images/sshjoli_32.jpg"}}, {"model": "property.tripgallery", "pk": 140, "fields": {"trip": 5, "image": "trip_images/sshjoli_33.jpg"}}, {"model": "property.tripgallery", "pk": 141, "fields": {"trip": 5, "image": "trip_images/sshjoli_34.jpg"}}, {"model": "property.tripgallery", "pk": 142, "fields": {"trip": 5, "image": "trip_images/sshjoli_35.jpg"}}, {"model": "property.tripgallery", "pk": 143, "fields": {"trip": 6, "image": "trip_images/sshromo_0.jpg"}}, {"model": "property.tripgallery", "pk": 144, "fields": {"trip": 6, "image": "trip_images/sshromo_1.jpg"}}, {"model": "property.tripgallery", "pk": 145, "fields": {"trip": 6, "image": "trip_images/sshromo_2.jpg"}}, {"model": "property.tripgallery", "pk": 146, "fields": {"trip": 6, "image": "trip_images/sshromo_3.jpg"}}, {"model": "property.tripgallery", "pk": 147, "fields": {"trip": 6, "image": "trip_images/sshromo_4.jpg"}}, {"model": "property.tripgallery", "pk": 148, "fields": {"trip": 6, "image": "trip_images/sshromo_5.jpg"}}, {"model": "property.tripgallery", "pk": 149, "fields": {"trip": 6, "image": "trip_images/sshromo_6.jpg"}}, {"model": "property.tripgallery", "pk": 150, "fields": {"trip": 6, "image": "trip_images/sshromo_7.jpg"}}, {"model": "property.tripgallery", "pk": 151, "fields": {"trip": 6, "image": "trip_images/sshromo_8.jpg"}}, {"model": "property.tripgallery", "pk": 152, "fields": {"trip": 6, "image": "trip_images/sshromo_9.jpg"}}, {"model": "property.tripgallery", "pk": 153, "fields": {"trip": 6, "image": "trip_images/sshromo_10.jpg"}}, {"model": "property.tripgallery", "pk": 154, "fields": {"trip": 6, "image": "trip_images/sshromo_11.jpg"}}, {"model": "property.tripgallery", "pk": 155, "fields": {"trip": 6, "image": "trip_images/sshromo_12.jpg"}}, {"model": "property.tripgallery", "pk": 156, "fields": {"trip": 6, "image": "trip_images/sshromo_13.jpg"}}, {"model": "property.tripgallery", "pk": 157, "fields": {"trip": 6, "image": "trip_images/sshromo_14.jpg"}}, {"model": "property.tripgallery", "pk": 158, "fields": {"trip": 6, "image": "trip_images/sshromo_15.jpg"}}, {"model": "property.tripgallery", "pk": 159, "fields": {"trip": 6, "image": "trip_images/sshromo_16.jpg"}}, {"model": "property.tripgallery", "pk": 160, "fields": {"trip": 6, "image": "trip_images/sshromo_17.jpg"}}, {"model": "property.tripgallery", "pk": 161, "fields": {"trip": 6, "image": "trip_images/sshromo_18.jpg"}}, {"model": "property.tripgallery", "pk": 162, "fields": {"trip": 6, "image": "trip_images/sshromo_19.jpg"}}, {"model": "property.tripgallery", "pk": 163, "fields": {"trip": 6, "image": "trip_images/sshromo_20.jpg"}}, {"model": "property.tripgallery", "pk": 164, "fields": {"trip": 6, "image": "trip_images/sshromo_21.jpg"}}, {"model": "property.tripgallery", "pk": 165, "fields": {"trip": 6, "image": "trip_images/sshromo_22.jpg"}}, {"model": "property.tripgallery", "pk": 166, "fields": {"trip": 6, "image": "trip_images/sshromo_23.jpg"}}, {"model": "property.tripgallery", "pk": 167, "fields": {"trip": 6, "image": "trip_images/sshromo_24.jpg"}}, {"model": "property.tripgallery", "pk": 168, "fields": {"trip": 6, "image": "trip_images/sshromo_25.jpg"}}, {"model": "property.tripgallery", "pk": 169, "fields": {"trip": 6, "image": "trip_images/sshromo_26.jpg"}}, {"model": "property.tripgallery", "pk": 170, "fields": {"trip": 6, "image": "trip_images/sshromo_27.jpg"}}, {"model": "property.placetranslation", "pk": 1, "fields": {"language_code": "en-us", "title": "sharm el sheikh", "master": 1}}, {"model": "property.placetranslation", "pk": 2, "fields": {"language_code": "ar-sa", "title": "شرم الشيخ", "master": 1}}, {"model": "property.placetranslation", "pk": 3, "fields": {"language_code": "ar-sa", "title": "الغردقة", "master": 2}}, {"model": "property.placetranslation", "pk": 4, "fields": {"language_code": "en-us", "title": "hurghada", "master": 2}}, {"model": "property.place", "pk": 1, "fields": {"image": "places/sharm_el_sheikh_5.webp"}}, {"model": "property.place", "pk": 2, "fields": {"image": "places/hurghada_1.webp"}}, {"model": "property.reservations", "pk": 44, "fields": {"status": "pending", "client": 2, "trip": 4, "adult_number": 7, "guests_info": "guests_info", "children_number_and_their_age": "children_number_and_their_age", "infant": 2, "notes": "notes", "created_at": "2023-10-01T12:53:17.607Z"}}, {"model": "property.reservations", "pk": 45, "fields": {"status": "pending", "client": 2, "trip": 5, "adult_number": 7, "guests_info": "guests_info", "children_number_and_their_age": "children_number_and_their_age", "infant": 2, "notes": "notes", "created_at": "2023-10-01T12:53:21.702Z"}}, {"model": "property.reservations", "pk": 46, "fields": {"status": "pending", "client": 1, "trip": 1, "adult_number": 7, "guests_info": "guests_info", "children_number_and_their_age": "children_number_and_their_age", "infant": 2, "notes": "notes", "created_at": "2023-10-01T13:04:42.493Z"}}, {"model": "property.reservations", "pk": 47, "fields": {"status": "pending", "client": 1, "trip": 2, "adult_number": 7, "guests_info": "guests_info", "children_number_and_their_age": "children_number_and_their_age", "infant": 2, "notes": "notes", "created_at": "2023-10-01T13:05:15.130Z"}}, {"model": "property.reservations", "pk": 48, "fields": {"status": "pending", "client": 1, "trip": 3, "adult_number": 7, "guests_info": "guests_info", "children_number_and_their_age": "children_number_and_their_age", "infant": 2, "notes": "notes", "created_at": "2023-10-01T13:05:20.335Z"}}, {"model": "property.reservations", "pk": 49, "fields": {"status": "pending", "client": 1, "trip": 4, "adult_number": 7, "guests_info": "guests_info", "children_number_and_their_age": "children_number_and_their_age", "infant": 2, "notes": "notes", "created_at": "2023-10-01T13:06:17.649Z"}}, {"model": "property.reservations", "pk": 50, "fields": {"status": "pending", "client": 1, "trip": 5, "adult_number": 7, "guests_info": "guests_info", "children_number_and_their_age": "children_number_and_their_age", "infant": 2, "notes": "notes", "created_at": "2023-10-02T14:34:57.405Z"}}, {"model": "property.reviews", "pk": 6, "fields": {"client": 2, "trip": 1, "rate": 5.0, "feedback": "رحلة رائعة و ممتازة", "created_at": "2023-10-03T13:56:25.678Z"}}, {"model": "property.reviews", "pk": 7, "fields": {"client": 2, "trip": 2, "rate": 5.0, "feedback": "رحلة رائعة و ممتازة", "created_at": "2023-10-03T14:05:58.503Z"}}, {"model": "property.reviews", "pk": 9, "fields": {"client": 2, "trip": 4, "rate": 1.0, "feedback": "سيئة للغاية", "created_at": "2023-10-03T14:10:47.617Z"}}, {"model": "property.reviews", "pk": 10, "fields": {"client": 2, "trip": 5, "rate": -5.0, "feedback": "verybad", "created_at": "2023-10-03T14:11:30.448Z"}}, {"model": "property.reviews", "pk": 11, "fields": {"client": 1, "trip": 1, "rate": 5.0, "feedback": "very nice", "created_at": "2023-10-03T17:54:24.743Z"}}, {"model": "property.reviews", "pk": 12, "fields": {"client": 1, "trip": 1, "rate": 5.0, "feedback": "very nice", "created_at": "2023-10-03T17:55:43.859Z"}}, {"model": "property.reviews", "pk": 13, "fields": {"client": 1, "trip": 2, "rate": 3.0, "feedback": "not so bad", "created_at": "2023-10-03T17:56:54.987Z"}}, {"model": "property.reviews", "pk": 14, "fields": {"client": 1, "trip": 4, "rate": 1.0, "feedback": "very bad", "created_at": "2023-10-03T17:57:54.860Z"}}, {"model": "property.favorites", "pk": 2, "fields": {"client": 2, "favs": 2, "created_at": "2023-10-04T12:45:29.314Z"}}, {"model": "property.favorites", "pk": 3, "fields": {"client": 2, "favs": 3, "created_at": "2023-10-04T12:45:33.659Z"}}, {"model": "property.favorites", "pk": 4, "fields": {"client": 2, "favs": 4, "created_at": "2023-10-04T12:45:47.215Z"}}, {"model": "property.favorites", "pk": 5, "fields": {"client": 2, "favs": 5, "created_at": "2023-10-04T12:45:50.282Z"}}]