[{"model": "admin.logentry", "pk": 1, "fields": {"action_time": "2023-08-16T23:43:03.285Z", "user": 1, "content_type": 6, "object_id": "3", "object_repr": "test", "action_flag": 3, "change_message": ""}}, {"model": "admin.logentry", "pk": 2, "fields": {"action_time": "2023-08-16T23:46:20.393Z", "user": 1, "content_type": 6, "object_id": "4", "object_repr": "test", "action_flag": 3, "change_message": ""}}, {"model": "admin.logentry", "pk": 3, "fields": {"action_time": "2023-08-16T23:51:47.927Z", "user": 1, "content_type": 6, "object_id": "5", "object_repr": "test", "action_flag": 3, "change_message": ""}}, {"model": "admin.logentry", "pk": 4, "fields": {"action_time": "2023-08-17T00:02:44.275Z", "user": 1, "content_type": 6, "object_id": "6", "object_repr": "test", "action_flag": 3, "change_message": ""}}, {"model": "admin.logentry", "pk": 5, "fields": {"action_time": "2023-08-17T00:05:58.094Z", "user": 1, "content_type": 6, "object_id": "7", "object_repr": "test", "action_flag": 3, "change_message": ""}}, {"model": "admin.logentry", "pk": 6, "fields": {"action_time": "2023-08-17T00:08:22.482Z", "user": 1, "content_type": 6, "object_id": "8", "object_repr": "test", "action_flag": 3, "change_message": ""}}, {"model": "admin.logentry", "pk": 7, "fields": {"action_time": "2023-08-17T00:17:08.287Z", "user": 1, "content_type": 9, "object_id": "1", "object_repr": "hurghada", "action_flag": 1, "change_message": "[{\"added\": {}}]"}}, {"model": "admin.logentry", "pk": 8, "fields": {"action_time": "2023-08-17T00:17:35.401Z", "user": 1, "content_type": 9, "object_id": "2", "object_repr": "sharm el sheikh", "action_flag": 1, "change_message": "[{\"added\": {}}]"}}, {"model": "admin.logentry", "pk": 9, "fields": {"action_time": "2023-08-17T01:01:47.960Z", "user": 1, "content_type": 10, "object_id": "1", "object_repr": "sharm el sheikh", "action_flag": 1, "change_message": "[{\"added\": {}}]"}}, {"model": "admin.logentry", "pk": 10, "fields": {"action_time": "2023-08-17T01:02:48.996Z", "user": 1, "content_type": 10, "object_id": "2", "object_repr": "sharm2", "action_flag": 1, "change_message": "[{\"added\": {}}]"}}, {"model": "admin.logentry", "pk": 11, "fields": {"action_time": "2023-08-17T01:03:30.509Z", "user": 1, "content_type": 10, "object_id": "3", "object_repr": "sharm3", "action_flag": 1, "change_message": "[{\"added\": {}}]"}}, {"model": "admin.logentry", "pk": 12, "fields": {"action_time": "2023-08-17T01:11:49.628Z", "user": 1, "content_type": 10, "object_id": "4", "object_repr": "hurghada", "action_flag": 1, "change_message": "[{\"added\": {}}]"}}, {"model": "admin.logentry", "pk": 13, "fields": {"action_time": "2023-08-17T01:13:06.120Z", "user": 1, "content_type": 10, "object_id": "5", "object_repr": "hurghada2", "action_flag": 1, "change_message": "[{\"added\": {}}]"}}, {"model": "admin.logentry", "pk": 14, "fields": {"action_time": "2023-08-17T01:14:10.631Z", "user": 1, "content_type": 10, "object_id": "6", "object_repr": "hurghada3", "action_flag": 1, "change_message": "[{\"added\": {}}]"}}, {"model": "admin.logentry", "pk": 15, "fields": {"action_time": "2023-08-17T01:39:14.636Z", "user": 1, "content_type": 10, "object_id": "1", "object_repr": "sharm el sheikh", "action_flag": 2, "change_message": "[{\"changed\": {\"fields\": [\"Description\"]}}]"}}, {"model": "admin.logentry", "pk": 16, "fields": {"action_time": "2023-08-17T01:40:36.393Z", "user": 1, "content_type": 10, "object_id": "2", "object_repr": "sharm2", "action_flag": 2, "change_message": "[{\"changed\": {\"fields\": [\"Description\"]}}]"}}, {"model": "admin.logentry", "pk": 17, "fields": {"action_time": "2023-08-17T01:41:28.116Z", "user": 1, "content_type": 10, "object_id": "3", "object_repr": "sharm3", "action_flag": 2, "change_message": "[{\"changed\": {\"fields\": [\"Description\"]}}]"}}, {"model": "admin.logentry", "pk": 18, "fields": {"action_time": "2023-08-17T01:41:59.963Z", "user": 1, "content_type": 10, "object_id": "4", "object_repr": "hurghada", "action_flag": 2, "change_message": "[{\"changed\": {\"fields\": [\"Description\"]}}]"}}, {"model": "admin.logentry", "pk": 19, "fields": {"action_time": "2023-08-17T01:42:34.254Z", "user": 1, "content_type": 10, "object_id": "5", "object_repr": "hurghada2", "action_flag": 2, "change_message": "[{\"changed\": {\"fields\": [\"Description\"]}}]"}}, {"model": "admin.logentry", "pk": 20, "fields": {"action_time": "2023-08-17T01:42:58.148Z", "user": 1, "content_type": 10, "object_id": "6", "object_repr": "hurghada3", "action_flag": 2, "change_message": "[{\"changed\": {\"fields\": [\"Description\"]}}]"}}, {"model": "admin.logentry", "pk": 21, "fields": {"action_time": "2023-08-17T04:19:21.855Z", "user": 1, "content_type": 7, "object_id": "1", "object_repr": "1", "action_flag": 1, "change_message": "[{\"added\": {}}]"}}, {"model": "admin.logentry", "pk": 22, "fields": {"action_time": "2023-08-17T04:21:07.053Z", "user": 1, "content_type": 8, "object_id": "1", "object_repr": "what is your desired destination ?", "action_flag": 1, "change_message": "[{\"added\": {}}]"}}, {"model": "admin.logentry", "pk": 23, "fields": {"action_time": "2023-08-17T04:53:24.669Z", "user": 1, "content_type": 6, "object_id": "9", "object_repr": "test", "action_flag": 3, "change_message": ""}}, {"model": "admin.logentry", "pk": 24, "fields": {"action_time": "2023-08-18T13:34:13.832Z", "user": 1, "content_type": 12, "object_id": "1", "object_repr": "hurghada", "action_flag": 1, "change_message": "[{\"added\": {}}]"}}, {"model": "admin.logentry", "pk": 25, "fields": {"action_time": "2023-08-18T13:35:05.156Z", "user": 1, "content_type": 11, "object_id": "1", "object_repr": "five stars", "action_flag": 1, "change_message": "[{\"added\": {}}]"}}, {"model": "admin.logentry", "pk": 26, "fields": {"action_time": "2023-08-18T13:37:36.533Z", "user": 1, "content_type": 13, "object_id": "1", "object_repr": "AMC Royal Hotel & Spa", "action_flag": 1, "change_message": "[{\"added\": {}}]"}}, {"model": "admin.logentry", "pk": 27, "fields": {"action_time": "2023-08-18T13:38:12.291Z", "user": 1, "content_type": 15, "object_id": "1", "object_repr": "AMC Royal Hotel & Spa", "action_flag": 1, "change_message": "[{\"added\": {}}]"}}, {"model": "admin.logentry", "pk": 28, "fields": {"action_time": "2023-08-18T13:53:44.101Z", "user": 1, "content_type": 15, "object_id": "1", "object_repr": "AMC Royal Hotel & Spa", "action_flag": 3, "change_message": ""}}, {"model": "admin.logentry", "pk": 29, "fields": {"action_time": "2023-08-18T13:54:23.741Z", "user": 1, "content_type": 15, "object_id": "2", "object_repr": "AMC Royal Hotel & Spa", "action_flag": 1, "change_message": "[{\"added\": {}}]"}}, {"model": "admin.logentry", "pk": 30, "fields": {"action_time": "2023-08-18T13:56:11.038Z", "user": 1, "content_type": 15, "object_id": "2", "object_repr": "AMC Royal Hotel & Spa", "action_flag": 2, "change_message": "[]"}}, {"model": "admin.logentry", "pk": 31, "fields": {"action_time": "2023-08-18T14:05:22.521Z", "user": 1, "content_type": 15, "object_id": "2", "object_repr": "AMC Royal Hotel & Spa", "action_flag": 2, "change_message": "[{\"changed\": {\"fields\": [\"Image\"]}}]"}}, {"model": "admin.logentry", "pk": 32, "fields": {"action_time": "2023-08-18T14:24:08.402Z", "user": 1, "content_type": 13, "object_id": "1", "object_repr": "AMC Royal Hotel & Spa", "action_flag": 2, "change_message": "[{\"added\": {\"name\": \"property images\", \"object\": \"AMC Royal Hotel & Spa\"}}, {\"added\": {\"name\": \"property images\", \"object\": \"AMC Royal Hotel & Spa\"}}, {\"added\": {\"name\": \"property images\", \"object\": \"AMC Royal Hotel & Spa\"}}, {\"added\": {\"name\": \"property images\", \"object\": \"AMC Royal Hotel & Spa\"}}, {\"added\": {\"name\": \"property images\", \"object\": \"AMC Royal Hotel & Spa\"}}, {\"added\": {\"name\": \"property images\", \"object\": \"AMC Royal Hotel & Spa\"}}, {\"added\": {\"name\": \"property images\", \"object\": \"AMC Royal Hotel & Spa\"}}, {\"added\": {\"name\": \"property images\", \"object\": \"AMC Royal Hotel & Spa\"}}, {\"added\": {\"name\": \"property images\", \"object\": \"AMC Royal Hotel & Spa\"}}, {\"added\": {\"name\": \"property images\", \"object\": \"AMC Royal Hotel & Spa\"}}, {\"added\": {\"name\": \"property images\", \"object\": \"AMC Royal Hotel & Spa\"}}, {\"added\": {\"name\": \"property images\", \"object\": \"AMC Royal Hotel & Spa\"}}, {\"added\": {\"name\": \"property images\", \"object\": \"AMC Royal Hotel & Spa\"}}, {\"added\": {\"name\": \"property images\", \"object\": \"AMC Royal Hotel & Spa\"}}, {\"added\": {\"name\": \"property images\", \"object\": \"AMC Royal Hotel & Spa\"}}, {\"added\": {\"name\": \"property images\", \"object\": \"AMC Royal Hotel & Spa\"}}, {\"added\": {\"name\": \"property images\", \"object\": \"AMC Royal Hotel & Spa\"}}, {\"added\": {\"name\": \"property images\", \"object\": \"AMC Royal Hotel & Spa\"}}, {\"added\": {\"name\": \"property images\", \"object\": \"AMC Royal Hotel & Spa\"}}, {\"added\": {\"name\": \"property images\", \"object\": \"AMC Royal Hotel & Spa\"}}, {\"added\": {\"name\": \"property images\", \"object\": \"AMC Royal Hotel & Spa\"}}, {\"added\": {\"name\": \"property images\", \"object\": \"AMC Royal Hotel & Spa\"}}, {\"added\": {\"name\": \"property images\", \"object\": \"AMC Royal Hotel & Spa\"}}, {\"added\": {\"name\": \"property images\", \"object\": \"AMC Royal Hotel & Spa\"}}, {\"added\": {\"name\": \"property images\", \"object\": \"AMC Royal Hotel & Spa\"}}, {\"added\": {\"name\": \"property images\", \"object\": \"AMC Royal Hotel & Spa\"}}, {\"added\": {\"name\": \"property images\", \"object\": \"AMC Royal Hotel & Spa\"}}, {\"added\": {\"name\": \"property images\", \"object\": \"AMC Royal Hotel & Spa\"}}, {\"added\": {\"name\": \"property images\", \"object\": \"AMC Royal Hotel & Spa\"}}, {\"added\": {\"name\": \"property images\", \"object\": \"AMC Royal Hotel & Spa\"}}, {\"added\": {\"name\": \"property images\", \"object\": \"AMC Royal Hotel & Spa\"}}, {\"added\": {\"name\": \"property images\", \"object\": \"AMC Royal Hotel & Spa\"}}, {\"added\": {\"name\": \"property images\", \"object\": \"AMC Royal Hotel & Spa\"}}, {\"added\": {\"name\": \"property images\", \"object\": \"AMC Royal Hotel & Spa\"}}]"}}, {"model": "admin.logentry", "pk": 33, "fields": {"action_time": "2023-08-18T15:46:08.459Z", "user": 1, "content_type": 13, "object_id": "2", "object_repr": "Hotel Mövenpick Waterpark Resort & Spa Soma Bay", "action_flag": 1, "change_message": "[{\"added\": {}}, {\"added\": {\"name\": \"property images\", \"object\": \"Hotel M\\u00f6venpick Waterpark Resort & Spa Soma Bay\"}}, {\"added\": {\"name\": \"property images\", \"object\": \"Hotel M\\u00f6venpick Waterpark Resort & Spa Soma Bay\"}}, {\"added\": {\"name\": \"property images\", \"object\": \"Hotel M\\u00f6venpick Waterpark Resort & Spa Soma Bay\"}}, {\"added\": {\"name\": \"property images\", \"object\": \"Hotel M\\u00f6venpick Waterpark Resort & Spa Soma Bay\"}}, {\"added\": {\"name\": \"property images\", \"object\": \"Hotel M\\u00f6venpick Waterpark Resort & Spa Soma Bay\"}}, {\"added\": {\"name\": \"property images\", \"object\": \"Hotel M\\u00f6venpick Waterpark Resort & Spa Soma Bay\"}}, {\"added\": {\"name\": \"property images\", \"object\": \"Hotel M\\u00f6venpick Waterpark Resort & Spa Soma Bay\"}}, {\"added\": {\"name\": \"property images\", \"object\": \"Hotel M\\u00f6venpick Waterpark Resort & Spa Soma Bay\"}}, {\"added\": {\"name\": \"property images\", \"object\": \"Hotel M\\u00f6venpick Waterpark Resort & Spa Soma Bay\"}}, {\"added\": {\"name\": \"property images\", \"object\": \"Hotel M\\u00f6venpick Waterpark Resort & Spa Soma Bay\"}}, {\"added\": {\"name\": \"property images\", \"object\": \"Hotel M\\u00f6venpick Waterpark Resort & Spa Soma Bay\"}}, {\"added\": {\"name\": \"property images\", \"object\": \"Hotel M\\u00f6venpick Waterpark Resort & Spa Soma Bay\"}}, {\"added\": {\"name\": \"property images\", \"object\": \"Hotel M\\u00f6venpick Waterpark Resort & Spa Soma Bay\"}}, {\"added\": {\"name\": \"property images\", \"object\": \"Hotel M\\u00f6venpick Waterpark Resort & Spa Soma Bay\"}}, {\"added\": {\"name\": \"property images\", \"object\": \"Hotel M\\u00f6venpick Waterpark Resort & Spa Soma Bay\"}}, {\"added\": {\"name\": \"property images\", \"object\": \"Hotel M\\u00f6venpick Waterpark Resort & Spa Soma Bay\"}}, {\"added\": {\"name\": \"property images\", \"object\": \"Hotel M\\u00f6venpick Waterpark Resort & Spa Soma Bay\"}}, {\"added\": {\"name\": \"property images\", \"object\": \"Hotel M\\u00f6venpick Waterpark Resort & Spa Soma Bay\"}}, {\"added\": {\"name\": \"property images\", \"object\": \"Hotel M\\u00f6venpick Waterpark Resort & Spa Soma Bay\"}}, {\"added\": {\"name\": \"property images\", \"object\": \"Hotel M\\u00f6venpick Waterpark Resort & Spa Soma Bay\"}}, {\"added\": {\"name\": \"property images\", \"object\": \"Hotel M\\u00f6venpick Waterpark Resort & Spa Soma Bay\"}}, {\"added\": {\"name\": \"property images\", \"object\": \"Hotel M\\u00f6venpick Waterpark Resort & Spa Soma Bay\"}}, {\"added\": {\"name\": \"property images\", \"object\": \"Hotel M\\u00f6venpick Waterpark Resort & Spa Soma Bay\"}}, {\"added\": {\"name\": \"property images\", \"object\": \"Hotel M\\u00f6venpick Waterpark Resort & Spa Soma Bay\"}}]"}}, {"model": "admin.logentry", "pk": 34, "fields": {"action_time": "2023-08-18T15:47:04.195Z", "user": 1, "content_type": 13, "object_id": "2", "object_repr": "Hotel Mövenpick Waterpark Resort & Spa Soma Bay", "action_flag": 2, "change_message": "[]"}}, {"model": "admin.logentry", "pk": 35, "fields": {"action_time": "2023-08-18T16:00:48.092Z", "user": 1, "content_type": 13, "object_id": "3", "object_repr": "Hotel Jaz Aquaviva", "action_flag": 1, "change_message": "[{\"added\": {}}, {\"added\": {\"name\": \"property images\", \"object\": \"Hotel Jaz Aquaviva\"}}, {\"added\": {\"name\": \"property images\", \"object\": \"Hotel Jaz Aquaviva\"}}, {\"added\": {\"name\": \"property images\", \"object\": \"Hotel Jaz Aquaviva\"}}, {\"added\": {\"name\": \"property images\", \"object\": \"Hotel Jaz Aquaviva\"}}, {\"added\": {\"name\": \"property images\", \"object\": \"Hotel Jaz Aquaviva\"}}, {\"added\": {\"name\": \"property images\", \"object\": \"Hotel Jaz Aquaviva\"}}, {\"added\": {\"name\": \"property images\", \"object\": \"Hotel Jaz Aquaviva\"}}, {\"added\": {\"name\": \"property images\", \"object\": \"Hotel Jaz Aquaviva\"}}, {\"added\": {\"name\": \"property images\", \"object\": \"Hotel Jaz Aquaviva\"}}, {\"added\": {\"name\": \"property images\", \"object\": \"Hotel Jaz Aquaviva\"}}, {\"added\": {\"name\": \"property images\", \"object\": \"Hotel Jaz Aquaviva\"}}, {\"added\": {\"name\": \"property images\", \"object\": \"Hotel Jaz Aquaviva\"}}, {\"added\": {\"name\": \"property images\", \"object\": \"Hotel Jaz Aquaviva\"}}, {\"added\": {\"name\": \"property images\", \"object\": \"Hotel Jaz Aquaviva\"}}, {\"added\": {\"name\": \"property images\", \"object\": \"Hotel Jaz Aquaviva\"}}, {\"added\": {\"name\": \"property images\", \"object\": \"Hotel Jaz Aquaviva\"}}, {\"added\": {\"name\": \"property images\", \"object\": \"Hotel Jaz Aquaviva\"}}, {\"added\": {\"name\": \"property images\", \"object\": \"Hotel Jaz Aquaviva\"}}, {\"added\": {\"name\": \"property images\", \"object\": \"Hotel Jaz Aquaviva\"}}, {\"added\": {\"name\": \"property images\", \"object\": \"Hotel Jaz Aquaviva\"}}, {\"added\": {\"name\": \"property images\", \"object\": \"Hotel Jaz Aquaviva\"}}, {\"added\": {\"name\": \"property images\", \"object\": \"Hotel Jaz Aquaviva\"}}, {\"added\": {\"name\": \"property images\", \"object\": \"Hotel Jaz Aquaviva\"}}]"}}, {"model": "admin.logentry", "pk": 36, "fields": {"action_time": "2023-08-18T16:19:42.263Z", "user": 1, "content_type": 11, "object_id": "2", "object_repr": "four stars", "action_flag": 1, "change_message": "[{\"added\": {}}]"}}, {"model": "admin.logentry", "pk": 37, "fields": {"action_time": "2023-08-18T16:28:06.587Z", "user": 1, "content_type": 13, "object_id": "4", "object_repr": "Hotel Blend Club Aqua Resort", "action_flag": 1, "change_message": "[{\"added\": {}}, {\"added\": {\"name\": \"property images\", \"object\": \"Hotel Blend Club Aqua Resort\"}}, {\"added\": {\"name\": \"property images\", \"object\": \"Hotel Blend Club Aqua Resort\"}}, {\"added\": {\"name\": \"property images\", \"object\": \"Hotel Blend Club Aqua Resort\"}}, {\"added\": {\"name\": \"property images\", \"object\": \"Hotel Blend Club Aqua Resort\"}}, {\"added\": {\"name\": \"property images\", \"object\": \"Hotel Blend Club Aqua Resort\"}}, {\"added\": {\"name\": \"property images\", \"object\": \"Hotel Blend Club Aqua Resort\"}}, {\"added\": {\"name\": \"property images\", \"object\": \"Hotel Blend Club Aqua Resort\"}}, {\"added\": {\"name\": \"property images\", \"object\": \"Hotel Blend Club Aqua Resort\"}}, {\"added\": {\"name\": \"property images\", \"object\": \"Hotel Blend Club Aqua Resort\"}}, {\"added\": {\"name\": \"property images\", \"object\": \"Hotel Blend Club Aqua Resort\"}}, {\"added\": {\"name\": \"property images\", \"object\": \"Hotel Blend Club Aqua Resort\"}}, {\"added\": {\"name\": \"property images\", \"object\": \"Hotel Blend Club Aqua Resort\"}}, {\"added\": {\"name\": \"property images\", \"object\": \"Hotel Blend Club Aqua Resort\"}}, {\"added\": {\"name\": \"property images\", \"object\": \"Hotel Blend Club Aqua Resort\"}}, {\"added\": {\"name\": \"property images\", \"object\": \"Hotel Blend Club Aqua Resort\"}}, {\"added\": {\"name\": \"property images\", \"object\": \"Hotel Blend Club Aqua Resort\"}}, {\"added\": {\"name\": \"property images\", \"object\": \"Hotel Blend Club Aqua Resort\"}}, {\"added\": {\"name\": \"property images\", \"object\": \"Hotel Blend Club Aqua Resort\"}}, {\"added\": {\"name\": \"property images\", \"object\": \"Hotel Blend Club Aqua Resort\"}}, {\"added\": {\"name\": \"property images\", \"object\": \"Hotel Blend Club Aqua Resort\"}}, {\"added\": {\"name\": \"property images\", \"object\": \"Hotel Blend Club Aqua Resort\"}}, {\"added\": {\"name\": \"property images\", \"object\": \"Hotel Blend Club Aqua Resort\"}}, {\"added\": {\"name\": \"property images\", \"object\": \"Hotel Blend Club Aqua Resort\"}}, {\"added\": {\"name\": \"property images\", \"object\": \"Hotel Blend Club Aqua Resort\"}}]"}}, {"model": "admin.logentry", "pk": 38, "fields": {"action_time": "2023-08-18T16:44:15.788Z", "user": 1, "content_type": 12, "object_id": "2", "object_repr": "sharm el shiekh", "action_flag": 1, "change_message": "[{\"added\": {}}]"}}, {"model": "admin.logentry", "pk": 39, "fields": {"action_time": "2023-08-18T17:06:26.718Z", "user": 1, "content_type": 13, "object_id": "5", "object_repr": "Hotel Jolie Ville Golf & Resort", "action_flag": 1, "change_message": "[{\"added\": {}}, {\"added\": {\"name\": \"property images\", \"object\": \"Hotel Jolie Ville Golf & Resort\"}}, {\"added\": {\"name\": \"property images\", \"object\": \"Hotel Jolie Ville Golf & Resort\"}}, {\"added\": {\"name\": \"property images\", \"object\": \"Hotel Jolie Ville Golf & Resort\"}}, {\"added\": {\"name\": \"property images\", \"object\": \"Hotel Jolie Ville Golf & Resort\"}}, {\"added\": {\"name\": \"property images\", \"object\": \"Hotel Jolie Ville Golf & Resort\"}}, {\"added\": {\"name\": \"property images\", \"object\": \"Hotel Jolie Ville Golf & Resort\"}}, {\"added\": {\"name\": \"property images\", \"object\": \"Hotel Jolie Ville Golf & Resort\"}}, {\"added\": {\"name\": \"property images\", \"object\": \"Hotel Jolie Ville Golf & Resort\"}}, {\"added\": {\"name\": \"property images\", \"object\": \"Hotel Jolie Ville Golf & Resort\"}}, {\"added\": {\"name\": \"property images\", \"object\": \"Hotel Jolie Ville Golf & Resort\"}}, {\"added\": {\"name\": \"property images\", \"object\": \"Hotel Jolie Ville Golf & Resort\"}}, {\"added\": {\"name\": \"property images\", \"object\": \"Hotel Jolie Ville Golf & Resort\"}}, {\"added\": {\"name\": \"property images\", \"object\": \"Hotel Jolie Ville Golf & Resort\"}}, {\"added\": {\"name\": \"property images\", \"object\": \"Hotel Jolie Ville Golf & Resort\"}}, {\"added\": {\"name\": \"property images\", \"object\": \"Hotel Jolie Ville Golf & Resort\"}}, {\"added\": {\"name\": \"property images\", \"object\": \"Hotel Jolie Ville Golf & Resort\"}}, {\"added\": {\"name\": \"property images\", \"object\": \"Hotel Jolie Ville Golf & Resort\"}}, {\"added\": {\"name\": \"property images\", \"object\": \"Hotel Jolie Ville Golf & Resort\"}}, {\"added\": {\"name\": \"property images\", \"object\": \"Hotel Jolie Ville Golf & Resort\"}}, {\"added\": {\"name\": \"property images\", \"object\": \"Hotel Jolie Ville Golf & Resort\"}}, {\"added\": {\"name\": \"property images\", \"object\": \"Hotel Jolie Ville Golf & Resort\"}}, {\"added\": {\"name\": \"property images\", \"object\": \"Hotel Jolie Ville Golf & Resort\"}}, {\"added\": {\"name\": \"property images\", \"object\": \"Hotel Jolie Ville Golf & Resort\"}}, {\"added\": {\"name\": \"property images\", \"object\": \"Hotel Jolie Ville Golf & Resort\"}}, {\"added\": {\"name\": \"property images\", \"object\": \"Hotel Jolie Ville Golf & Resort\"}}, {\"added\": {\"name\": \"property images\", \"object\": \"Hotel Jolie Ville Golf & Resort\"}}, {\"added\": {\"name\": \"property images\", \"object\": \"Hotel Jolie Ville Golf & Resort\"}}, {\"added\": {\"name\": \"property images\", \"object\": \"Hotel Jolie Ville Golf & Resort\"}}, {\"added\": {\"name\": \"property images\", \"object\": \"Hotel Jolie Ville Golf & Resort\"}}, {\"added\": {\"name\": \"property images\", \"object\": \"Hotel Jolie Ville Golf & Resort\"}}, {\"added\": {\"name\": \"property images\", \"object\": \"Hotel Jolie Ville Golf & Resort\"}}, {\"added\": {\"name\": \"property images\", \"object\": \"Hotel Jolie Ville Golf & Resort\"}}, {\"added\": {\"name\": \"property images\", \"object\": \"Hotel Jolie Ville Golf & Resort\"}}, {\"added\": {\"name\": \"property images\", \"object\": \"Hotel Jolie Ville Golf & Resort\"}}, {\"added\": {\"name\": \"property images\", \"object\": \"Hotel Jolie Ville Golf & Resort\"}}]"}}, {"model": "admin.logentry", "pk": 40, "fields": {"action_time": "2023-08-18T17:26:06.913Z", "user": 1, "content_type": 13, "object_id": "6", "object_repr": "Hotel Royal Albatros Moderna", "action_flag": 1, "change_message": "[{\"added\": {}}, {\"added\": {\"name\": \"property images\", \"object\": \"Hotel Royal Albatros Moderna\"}}, {\"added\": {\"name\": \"property images\", \"object\": \"Hotel Royal Albatros Moderna\"}}, {\"added\": {\"name\": \"property images\", \"object\": \"Hotel Royal Albatros Moderna\"}}, {\"added\": {\"name\": \"property images\", \"object\": \"Hotel Royal Albatros Moderna\"}}, {\"added\": {\"name\": \"property images\", \"object\": \"Hotel Royal Albatros Moderna\"}}, {\"added\": {\"name\": \"property images\", \"object\": \"Hotel Royal Albatros Moderna\"}}, {\"added\": {\"name\": \"property images\", \"object\": \"Hotel Royal Albatros Moderna\"}}, {\"added\": {\"name\": \"property images\", \"object\": \"Hotel Royal Albatros Moderna\"}}, {\"added\": {\"name\": \"property images\", \"object\": \"Hotel Royal Albatros Moderna\"}}, {\"added\": {\"name\": \"property images\", \"object\": \"Hotel Royal Albatros Moderna\"}}, {\"added\": {\"name\": \"property images\", \"object\": \"Hotel Royal Albatros Moderna\"}}, {\"added\": {\"name\": \"property images\", \"object\": \"Hotel Royal Albatros Moderna\"}}, {\"added\": {\"name\": \"property images\", \"object\": \"Hotel Royal Albatros Moderna\"}}, {\"added\": {\"name\": \"property images\", \"object\": \"Hotel Royal Albatros Moderna\"}}, {\"added\": {\"name\": \"property images\", \"object\": \"Hotel Royal Albatros Moderna\"}}, {\"added\": {\"name\": \"property images\", \"object\": \"Hotel Royal Albatros Moderna\"}}, {\"added\": {\"name\": \"property images\", \"object\": \"Hotel Royal Albatros Moderna\"}}, {\"added\": {\"name\": \"property images\", \"object\": \"Hotel Royal Albatros Moderna\"}}, {\"added\": {\"name\": \"property images\", \"object\": \"Hotel Royal Albatros Moderna\"}}, {\"added\": {\"name\": \"property images\", \"object\": \"Hotel Royal Albatros Moderna\"}}, {\"added\": {\"name\": \"property images\", \"object\": \"Hotel Royal Albatros Moderna\"}}, {\"added\": {\"name\": \"property images\", \"object\": \"Hotel Royal Albatros Moderna\"}}, {\"added\": {\"name\": \"property images\", \"object\": \"Hotel Royal Albatros Moderna\"}}, {\"added\": {\"name\": \"property images\", \"object\": \"Hotel Royal Albatros Moderna\"}}, {\"added\": {\"name\": \"property images\", \"object\": \"Hotel Royal Albatros Moderna\"}}, {\"added\": {\"name\": \"property images\", \"object\": \"Hotel Royal Albatros Moderna\"}}, {\"added\": {\"name\": \"property images\", \"object\": \"Hotel Royal Albatros Moderna\"}}]"}}, {"model": "admin.logentry", "pk": 41, "fields": {"action_time": "2023-08-19T00:07:37.539Z", "user": 1, "content_type": 22, "object_id": "6", "object_repr": "test", "action_flag": 3, "change_message": ""}}, {"model": "admin.logentry", "pk": 42, "fields": {"action_time": "2023-08-19T00:07:37.910Z", "user": 1, "content_type": 22, "object_id": "5", "object_repr": "test", "action_flag": 3, "change_message": ""}}, {"model": "admin.logentry", "pk": 43, "fields": {"action_time": "2023-08-19T00:07:37.987Z", "user": 1, "content_type": 22, "object_id": "4", "object_repr": "test", "action_flag": 3, "change_message": ""}}, {"model": "admin.logentry", "pk": 44, "fields": {"action_time": "2023-08-19T00:07:38.053Z", "user": 1, "content_type": 22, "object_id": "3", "object_repr": "admin", "action_flag": 3, "change_message": ""}}, {"model": "admin.logentry", "pk": 45, "fields": {"action_time": "2023-08-19T00:07:38.166Z", "user": 1, "content_type": 22, "object_id": "2", "object_repr": "name", "action_flag": 3, "change_message": ""}}, {"model": "admin.logentry", "pk": 46, "fields": {"action_time": "2023-08-19T14:12:54.850Z", "user": 1, "content_type": 21, "object_id": "19", "object_repr": "Visa object (19)", "action_flag": 3, "change_message": ""}}, {"model": "admin.logentry", "pk": 47, "fields": {"action_time": "2023-08-19T14:12:55.267Z", "user": 1, "content_type": 21, "object_id": "18", "object_repr": "Visa object (18)", "action_flag": 3, "change_message": ""}}, {"model": "admin.logentry", "pk": 48, "fields": {"action_time": "2023-08-19T14:12:55.507Z", "user": 1, "content_type": 21, "object_id": "17", "object_repr": "Visa object (17)", "action_flag": 3, "change_message": ""}}, {"model": "admin.logentry", "pk": 49, "fields": {"action_time": "2023-08-19T14:12:55.755Z", "user": 1, "content_type": 21, "object_id": "16", "object_repr": "Visa object (16)", "action_flag": 3, "change_message": ""}}, {"model": "admin.logentry", "pk": 50, "fields": {"action_time": "2023-08-19T14:12:56.809Z", "user": 1, "content_type": 21, "object_id": "15", "object_repr": "Visa object (15)", "action_flag": 3, "change_message": ""}}, {"model": "admin.logentry", "pk": 51, "fields": {"action_time": "2023-08-19T14:12:56.898Z", "user": 1, "content_type": 21, "object_id": "14", "object_repr": "Visa object (14)", "action_flag": 3, "change_message": ""}}, {"model": "admin.logentry", "pk": 52, "fields": {"action_time": "2023-08-19T14:12:56.953Z", "user": 1, "content_type": 21, "object_id": "13", "object_repr": "Visa object (13)", "action_flag": 3, "change_message": ""}}, {"model": "admin.logentry", "pk": 53, "fields": {"action_time": "2023-08-19T14:12:57.019Z", "user": 1, "content_type": 21, "object_id": "12", "object_repr": "Visa object (12)", "action_flag": 3, "change_message": ""}}, {"model": "admin.logentry", "pk": 54, "fields": {"action_time": "2023-08-19T14:12:57.086Z", "user": 1, "content_type": 21, "object_id": "11", "object_repr": "Visa object (11)", "action_flag": 3, "change_message": ""}}, {"model": "admin.logentry", "pk": 55, "fields": {"action_time": "2023-08-19T14:12:57.152Z", "user": 1, "content_type": 21, "object_id": "10", "object_repr": "Visa object (10)", "action_flag": 3, "change_message": ""}}, {"model": "admin.logentry", "pk": 56, "fields": {"action_time": "2023-08-19T14:12:57.219Z", "user": 1, "content_type": 21, "object_id": "9", "object_repr": "Visa object (9)", "action_flag": 3, "change_message": ""}}, {"model": "admin.logentry", "pk": 57, "fields": {"action_time": "2023-08-19T14:12:57.331Z", "user": 1, "content_type": 21, "object_id": "8", "object_repr": "Visa object (8)", "action_flag": 3, "change_message": ""}}, {"model": "admin.logentry", "pk": 58, "fields": {"action_time": "2023-08-19T14:12:57.397Z", "user": 1, "content_type": 21, "object_id": "7", "object_repr": "Visa object (7)", "action_flag": 3, "change_message": ""}}, {"model": "admin.logentry", "pk": 59, "fields": {"action_time": "2023-08-19T14:12:57.515Z", "user": 1, "content_type": 21, "object_id": "6", "object_repr": "Visa object (6)", "action_flag": 3, "change_message": ""}}, {"model": "admin.logentry", "pk": 60, "fields": {"action_time": "2023-08-19T14:12:57.730Z", "user": 1, "content_type": 21, "object_id": "5", "object_repr": "Visa object (5)", "action_flag": 3, "change_message": ""}}, {"model": "admin.logentry", "pk": 61, "fields": {"action_time": "2023-08-19T14:12:57.874Z", "user": 1, "content_type": 21, "object_id": "4", "object_repr": "Visa object (4)", "action_flag": 3, "change_message": ""}}, {"model": "admin.logentry", "pk": 62, "fields": {"action_time": "2023-08-19T14:12:58.036Z", "user": 1, "content_type": 21, "object_id": "3", "object_repr": "Visa object (3)", "action_flag": 3, "change_message": ""}}, {"model": "admin.logentry", "pk": 63, "fields": {"action_time": "2023-08-19T14:12:58.171Z", "user": 1, "content_type": 21, "object_id": "2", "object_repr": "Visa object (2)", "action_flag": 3, "change_message": ""}}, {"model": "admin.logentry", "pk": 64, "fields": {"action_time": "2023-08-19T14:12:58.263Z", "user": 1, "content_type": 21, "object_id": "1", "object_repr": "Visa object (1)", "action_flag": 3, "change_message": ""}}, {"model": "admin.logentry", "pk": 65, "fields": {"action_time": "2023-08-19T14:14:25.385Z", "user": 1, "content_type": 21, "object_id": "20", "object_repr": "Visa object (20)", "action_flag": 3, "change_message": ""}}, {"model": "auth.permission", "pk": 1, "fields": {"name": "Can add log entry", "content_type": 1, "codename": "add_logentry"}}, {"model": "auth.permission", "pk": 2, "fields": {"name": "Can change log entry", "content_type": 1, "codename": "change_logentry"}}, {"model": "auth.permission", "pk": 3, "fields": {"name": "Can delete log entry", "content_type": 1, "codename": "delete_logentry"}}, {"model": "auth.permission", "pk": 4, "fields": {"name": "Can view log entry", "content_type": 1, "codename": "view_logentry"}}, {"model": "auth.permission", "pk": 5, "fields": {"name": "Can add permission", "content_type": 2, "codename": "add_permission"}}, {"model": "auth.permission", "pk": 6, "fields": {"name": "Can change permission", "content_type": 2, "codename": "change_permission"}}, {"model": "auth.permission", "pk": 7, "fields": {"name": "Can delete permission", "content_type": 2, "codename": "delete_permission"}}, {"model": "auth.permission", "pk": 8, "fields": {"name": "Can view permission", "content_type": 2, "codename": "view_permission"}}, {"model": "auth.permission", "pk": 9, "fields": {"name": "Can add group", "content_type": 3, "codename": "add_group"}}, {"model": "auth.permission", "pk": 10, "fields": {"name": "Can change group", "content_type": 3, "codename": "change_group"}}, {"model": "auth.permission", "pk": 11, "fields": {"name": "Can delete group", "content_type": 3, "codename": "delete_group"}}, {"model": "auth.permission", "pk": 12, "fields": {"name": "Can view group", "content_type": 3, "codename": "view_group"}}, {"model": "auth.permission", "pk": 13, "fields": {"name": "Can add content type", "content_type": 4, "codename": "add_contenttype"}}, {"model": "auth.permission", "pk": 14, "fields": {"name": "Can change content type", "content_type": 4, "codename": "change_contenttype"}}, {"model": "auth.permission", "pk": 15, "fields": {"name": "Can delete content type", "content_type": 4, "codename": "delete_contenttype"}}, {"model": "auth.permission", "pk": 16, "fields": {"name": "Can view content type", "content_type": 4, "codename": "view_contenttype"}}, {"model": "auth.permission", "pk": 17, "fields": {"name": "Can add session", "content_type": 5, "codename": "add_session"}}, {"model": "auth.permission", "pk": 18, "fields": {"name": "Can change session", "content_type": 5, "codename": "change_session"}}, {"model": "auth.permission", "pk": 19, "fields": {"name": "Can delete session", "content_type": 5, "codename": "delete_session"}}, {"model": "auth.permission", "pk": 20, "fields": {"name": "Can view session", "content_type": 5, "codename": "view_session"}}, {"model": "auth.permission", "pk": 21, "fields": {"name": "Can add account", "content_type": 6, "codename": "add_account"}}, {"model": "auth.permission", "pk": 22, "fields": {"name": "Can change account", "content_type": 6, "codename": "change_account"}}, {"model": "auth.permission", "pk": 23, "fields": {"name": "Can delete account", "content_type": 6, "codename": "delete_account"}}, {"model": "auth.permission", "pk": 24, "fields": {"name": "Can view account", "content_type": 6, "codename": "view_account"}}, {"model": "auth.permission", "pk": 25, "fields": {"name": "Can add about", "content_type": 7, "codename": "add_about"}}, {"model": "auth.permission", "pk": 26, "fields": {"name": "Can change about", "content_type": 7, "codename": "change_about"}}, {"model": "auth.permission", "pk": 27, "fields": {"name": "Can delete about", "content_type": 7, "codename": "delete_about"}}, {"model": "auth.permission", "pk": 28, "fields": {"name": "Can view about", "content_type": 7, "codename": "view_about"}}, {"model": "auth.permission", "pk": 29, "fields": {"name": "Can add faq", "content_type": 8, "codename": "add_faq"}}, {"model": "auth.permission", "pk": 30, "fields": {"name": "Can change faq", "content_type": 8, "codename": "change_faq"}}, {"model": "auth.permission", "pk": 31, "fields": {"name": "Can delete faq", "content_type": 8, "codename": "delete_faq"}}, {"model": "auth.permission", "pk": 32, "fields": {"name": "Can view faq", "content_type": 8, "codename": "view_faq"}}, {"model": "auth.permission", "pk": 33, "fields": {"name": "Can add category", "content_type": 9, "codename": "add_category"}}, {"model": "auth.permission", "pk": 34, "fields": {"name": "Can change category", "content_type": 9, "codename": "change_category"}}, {"model": "auth.permission", "pk": 35, "fields": {"name": "Can delete category", "content_type": 9, "codename": "delete_category"}}, {"model": "auth.permission", "pk": 36, "fields": {"name": "Can view category", "content_type": 9, "codename": "view_category"}}, {"model": "auth.permission", "pk": 37, "fields": {"name": "Can add post", "content_type": 10, "codename": "add_post"}}, {"model": "auth.permission", "pk": 38, "fields": {"name": "Can change post", "content_type": 10, "codename": "change_post"}}, {"model": "auth.permission", "pk": 39, "fields": {"name": "Can delete post", "content_type": 10, "codename": "delete_post"}}, {"model": "auth.permission", "pk": 40, "fields": {"name": "Can view post", "content_type": 10, "codename": "view_post"}}, {"model": "auth.permission", "pk": 41, "fields": {"name": "Can add category", "content_type": 11, "codename": "add_category"}}, {"model": "auth.permission", "pk": 42, "fields": {"name": "Can change category", "content_type": 11, "codename": "change_category"}}, {"model": "auth.permission", "pk": 43, "fields": {"name": "Can delete category", "content_type": 11, "codename": "delete_category"}}, {"model": "auth.permission", "pk": 44, "fields": {"name": "Can view category", "content_type": 11, "codename": "view_category"}}, {"model": "auth.permission", "pk": 45, "fields": {"name": "Can add place", "content_type": 12, "codename": "add_place"}}, {"model": "auth.permission", "pk": 46, "fields": {"name": "Can change place", "content_type": 12, "codename": "change_place"}}, {"model": "auth.permission", "pk": 47, "fields": {"name": "Can delete place", "content_type": 12, "codename": "delete_place"}}, {"model": "auth.permission", "pk": 48, "fields": {"name": "Can view place", "content_type": 12, "codename": "view_place"}}, {"model": "auth.permission", "pk": 49, "fields": {"name": "Can add property", "content_type": 13, "codename": "add_property"}}, {"model": "auth.permission", "pk": 50, "fields": {"name": "Can change property", "content_type": 13, "codename": "change_property"}}, {"model": "auth.permission", "pk": 51, "fields": {"name": "Can delete property", "content_type": 13, "codename": "delete_property"}}, {"model": "auth.permission", "pk": 52, "fields": {"name": "Can view property", "content_type": 13, "codename": "view_property"}}, {"model": "auth.permission", "pk": 53, "fields": {"name": "Can add property review", "content_type": 14, "codename": "add_propertyreview"}}, {"model": "auth.permission", "pk": 54, "fields": {"name": "Can change property review", "content_type": 14, "codename": "change_propertyreview"}}, {"model": "auth.permission", "pk": 55, "fields": {"name": "Can delete property review", "content_type": 14, "codename": "delete_propertyreview"}}, {"model": "auth.permission", "pk": 56, "fields": {"name": "Can view property review", "content_type": 14, "codename": "view_propertyreview"}}, {"model": "auth.permission", "pk": 57, "fields": {"name": "Can add property images", "content_type": 15, "codename": "add_propertyimages"}}, {"model": "auth.permission", "pk": 58, "fields": {"name": "Can change property images", "content_type": 15, "codename": "change_propertyimages"}}, {"model": "auth.permission", "pk": 59, "fields": {"name": "Can delete property images", "content_type": 15, "codename": "delete_propertyimages"}}, {"model": "auth.permission", "pk": 60, "fields": {"name": "Can view property images", "content_type": 15, "codename": "view_propertyimages"}}, {"model": "auth.permission", "pk": 61, "fields": {"name": "Can add property book", "content_type": 16, "codename": "add_propertybook"}}, {"model": "auth.permission", "pk": 62, "fields": {"name": "Can change property book", "content_type": 16, "codename": "change_propertybook"}}, {"model": "auth.permission", "pk": 63, "fields": {"name": "Can delete property book", "content_type": 16, "codename": "delete_propertybook"}}, {"model": "auth.permission", "pk": 64, "fields": {"name": "Can view property book", "content_type": 16, "codename": "view_propertybook"}}, {"model": "auth.permission", "pk": 65, "fields": {"name": "Can add settings", "content_type": 17, "codename": "add_settings"}}, {"model": "auth.permission", "pk": 66, "fields": {"name": "Can change settings", "content_type": 17, "codename": "change_settings"}}, {"model": "auth.permission", "pk": 67, "fields": {"name": "Can delete settings", "content_type": 17, "codename": "delete_settings"}}, {"model": "auth.permission", "pk": 68, "fields": {"name": "Can view settings", "content_type": 17, "codename": "view_settings"}}, {"model": "auth.permission", "pk": 69, "fields": {"name": "Can add tag", "content_type": 18, "codename": "add_tag"}}, {"model": "auth.permission", "pk": 70, "fields": {"name": "Can change tag", "content_type": 18, "codename": "change_tag"}}, {"model": "auth.permission", "pk": 71, "fields": {"name": "Can delete tag", "content_type": 18, "codename": "delete_tag"}}, {"model": "auth.permission", "pk": 72, "fields": {"name": "Can view tag", "content_type": 18, "codename": "view_tag"}}, {"model": "auth.permission", "pk": 73, "fields": {"name": "Can add tagged item", "content_type": 19, "codename": "add_taggeditem"}}, {"model": "auth.permission", "pk": 74, "fields": {"name": "Can change tagged item", "content_type": 19, "codename": "change_taggeditem"}}, {"model": "auth.permission", "pk": 75, "fields": {"name": "Can delete tagged item", "content_type": 19, "codename": "delete_taggeditem"}}, {"model": "auth.permission", "pk": 76, "fields": {"name": "Can view tagged item", "content_type": 19, "codename": "view_taggeditem"}}, {"model": "auth.permission", "pk": 77, "fields": {"name": "Can add attachment", "content_type": 20, "codename": "add_attachment"}}, {"model": "auth.permission", "pk": 78, "fields": {"name": "Can change attachment", "content_type": 20, "codename": "change_attachment"}}, {"model": "auth.permission", "pk": 79, "fields": {"name": "Can delete attachment", "content_type": 20, "codename": "delete_attachment"}}, {"model": "auth.permission", "pk": 80, "fields": {"name": "Can view attachment", "content_type": 20, "codename": "view_attachment"}}, {"model": "auth.permission", "pk": 81, "fields": {"name": "Can add visa", "content_type": 21, "codename": "add_visa"}}, {"model": "auth.permission", "pk": 82, "fields": {"name": "Can change visa", "content_type": 21, "codename": "change_visa"}}, {"model": "auth.permission", "pk": 83, "fields": {"name": "Can delete visa", "content_type": 21, "codename": "delete_visa"}}, {"model": "auth.permission", "pk": 84, "fields": {"name": "Can view visa", "content_type": 21, "codename": "view_visa"}}, {"model": "auth.permission", "pk": 85, "fields": {"name": "Can add property availability check", "content_type": 22, "codename": "add_propertyavailabilitycheck"}}, {"model": "auth.permission", "pk": 86, "fields": {"name": "Can change property availability check", "content_type": 22, "codename": "change_propertyavailabilitycheck"}}, {"model": "auth.permission", "pk": 87, "fields": {"name": "Can delete property availability check", "content_type": 22, "codename": "delete_propertyavailabilitycheck"}}, {"model": "auth.permission", "pk": 88, "fields": {"name": "Can view property availability check", "content_type": 22, "codename": "view_propertyavailabilitycheck"}}, {"model": "contenttypes.contenttype", "pk": 1, "fields": {"app_label": "admin", "model": "logentry"}}, {"model": "contenttypes.contenttype", "pk": 2, "fields": {"app_label": "auth", "model": "permission"}}, {"model": "contenttypes.contenttype", "pk": 3, "fields": {"app_label": "auth", "model": "group"}}, {"model": "contenttypes.contenttype", "pk": 4, "fields": {"app_label": "contenttypes", "model": "contenttype"}}, {"model": "contenttypes.contenttype", "pk": 5, "fields": {"app_label": "sessions", "model": "session"}}, {"model": "contenttypes.contenttype", "pk": 6, "fields": {"app_label": "accounts", "model": "account"}}, {"model": "contenttypes.contenttype", "pk": 7, "fields": {"app_label": "about", "model": "about"}}, {"model": "contenttypes.contenttype", "pk": 8, "fields": {"app_label": "about", "model": "faq"}}, {"model": "contenttypes.contenttype", "pk": 9, "fields": {"app_label": "blog", "model": "category"}}, {"model": "contenttypes.contenttype", "pk": 10, "fields": {"app_label": "blog", "model": "post"}}, {"model": "contenttypes.contenttype", "pk": 11, "fields": {"app_label": "property", "model": "category"}}, {"model": "contenttypes.contenttype", "pk": 12, "fields": {"app_label": "property", "model": "place"}}, {"model": "contenttypes.contenttype", "pk": 13, "fields": {"app_label": "property", "model": "property"}}, {"model": "contenttypes.contenttype", "pk": 14, "fields": {"app_label": "property", "model": "propertyreview"}}, {"model": "contenttypes.contenttype", "pk": 15, "fields": {"app_label": "property", "model": "propertyimages"}}, {"model": "contenttypes.contenttype", "pk": 16, "fields": {"app_label": "property", "model": "propertybook"}}, {"model": "contenttypes.contenttype", "pk": 17, "fields": {"app_label": "settings", "model": "settings"}}, {"model": "contenttypes.contenttype", "pk": 18, "fields": {"app_label": "taggit", "model": "tag"}}, {"model": "contenttypes.contenttype", "pk": 19, "fields": {"app_label": "taggit", "model": "taggeditem"}}, {"model": "contenttypes.contenttype", "pk": 20, "fields": {"app_label": "django_summernote", "model": "attachment"}}, {"model": "contenttypes.contenttype", "pk": 21, "fields": {"app_label": "property", "model": "visa"}}, {"model": "contenttypes.contenttype", "pk": 22, "fields": {"app_label": "property", "model": "propertyavailabilitycheck"}}, {"model": "sessions.session", "pk": "0g16r3vufwxyjn0cx81dusjzu7odgc7e", "fields": {"session_data": ".eJxVjEEOwiAQRe_C2hDKyNC6dN8zNDAzSNVAUtqV8e7apAvd_vfef6kpbGuetibLNLO6qE6dfrcY6CFlB3wP5VY11bIuc9S7og_a9FhZntfD_TvIoeVvfbYexAqkPoJ0nsUGQMEwODaE0SA7YjAoHn0USt4Z1yd0AgQ4OFLvD-sUOBE:1qVzG0:7bnSQ4kYiGVDwbF-aPqv10sH5P4_V0h_3-668LUnJqM", "expire_date": "2023-08-29T18:59:08.600Z"}}, {"model": "sessions.session", "pk": "2lrryxkcec3tnri64kvltiazmle7phmx", "fields": {"session_data": ".eJxVjEEOwiAQRe_C2hDKyNC6dN8zNDAzSNVAUtqV8e7apAvd_vfef6kpbGuetibLNLO6qE6dfrcY6CFlB3wP5VY11bIuc9S7og_a9FhZntfD_TvIoeVvfbYexAqkPoJ0nsUGQMEwODaE0SA7YjAoHn0USt4Z1yd0AgQ4OFLvD-sUOBE:1qX1EH:ZZ7IVnKFDsNc4eHP5wvDfZkdsR00AiY0olLi2_RnBcU", "expire_date": "2023-09-01T15:17:37.908Z"}}, {"model": "sessions.session", "pk": "f7fxqty1yc447sdhl122nveu0m7lkfqw", "fields": {"session_data": ".eJxVjEEOwiAQRe_C2hDKyNC6dN8zNDAzSNVAUtqV8e7apAvd_vfef6kpbGuetibLNLO6qE6dfrcY6CFlB3wP5VY11bIuc9S7og_a9FhZntfD_TvIoeVvfbYexAqkPoJ0nsUGQMEwODaE0SA7YjAoHn0USt4Z1yd0AgQ4OFLvD-sUOBE:1qXM2W:ZjV6J-cLp7oszQZMRjdu6a-kCPHhaFY7m5lvNOq79Jo", "expire_date": "2023-09-02T13:30:52.586Z"}}, {"model": "sessions.session", "pk": "h3y4yzgem4vky8lsv3jrkn8z00t2i0yp", "fields": {"session_data": ".eJxVjEEOwiAQRe_C2hDKyNC6dN8zNDAzSNVAUtqV8e7apAvd_vfef6kpbGuetibLNLO6qE6dfrcY6CFlB3wP5VY11bIuc9S7og_a9FhZntfD_TvIoeVvfbYexAqkPoJ0nsUGQMEwODaE0SA7YjAoHn0USt4Z1yd0AgQ4OFLvD-sUOBE:1qWUFV:MiR5VLUYqBEGjvVxl-s5XMuPTm7OCyYvgkuyFQoGUKM", "expire_date": "2023-08-31T04:04:41.457Z"}}, {"model": "sessions.session", "pk": "ic5kgkpuwjpjg9mddahrfvpr6xg3kdet", "fields": {"session_data": ".eJxVjEEOwiAQRe_C2hDKyNC6dN8zNDAzSNVAUtqV8e7apAvd_vfef6kpbGuetibLNLO6qE6dfrcY6CFlB3wP5VY11bIuc9S7og_a9FhZntfD_TvIoeVvfbYexAqkPoJ0nsUGQMEwODaE0SA7YjAoHn0USt4Z1yd0AgQ4OFLvD-sUOBE:1qX8RV:rD7T-rMCip9P2pufUOXsVrJSkj7i5penjrG9N057qas", "expire_date": "2023-09-01T22:59:45.772Z"}}, {"model": "sessions.session", "pk": "jbin0rh6bzyewfoksknwaxzo06cewbk2", "fields": {"session_data": ".eJxVjEEOwiAQRe_C2hDKyNC6dN8zNDAzSNVAUtqV8e7apAvd_vfef6kpbGuetibLNLO6qE6dfrcY6CFlB3wP5VY11bIuc9S7og_a9FhZntfD_TvIoeVvfbYexAqkPoJ0nsUGQMEwODaE0SA7YjAoHn0USt4Z1yd0AgQ4OFLvD-sUOBE:1qWlE3:oH-gN38fquGLu91OpGQwwPRj8oxN0fUFx7-ePsCN7Tk", "expire_date": "2023-08-31T22:12:19.383Z"}}, {"model": "sessions.session", "pk": "jm04t5w58ul1xlbhgitce3rds8mczs5z", "fields": {"session_data": ".eJxVjEEOwiAQRe_C2hDKyNC6dN8zNDAzSNVAUtqV8e7apAvd_vfef6kpbGuetibLNLO6qE6dfrcY6CFlB3wP5VY11bIuc9S7og_a9FhZntfD_TvIoeVvfbYexAqkPoJ0nsUGQMEwODaE0SA7YjAoHn0USt4Z1yd0AgQ4OFLvD-sUOBE:1qWN5a:i8_uOs0O4lRehDu_QjYalqNiDbf3FUX13civpa_dyvU", "expire_date": "2023-08-30T20:25:58.497Z"}}, {"model": "sessions.session", "pk": "nbg8tja99qox2yk4uqafeojn9qka82kr", "fields": {"session_data": ".eJxVjEEOwiAQRe_C2hDKyNC6dN8zNDAzSNVAUtqV8e7apAvd_vfef6kpbGuetibLNLO6qE6dfrcY6CFlB3wP5VY11bIuc9S7og_a9FhZntfD_TvIoeVvfbYexAqkPoJ0nsUGQMEwODaE0SA7YjAoHn0USt4Z1yd0AgQ4OFLvD-sUOBE:1qWzVr:zjZCYyAgZz8po2lBF5Yw89yxtkLjTma5VgEJOBiifAI", "expire_date": "2023-09-01T13:27:39.596Z"}}, {"model": "sessions.session", "pk": "x7rspodealnewvwh8im09j4q24gyvmop", "fields": {"session_data": ".eJxVjEEOwiAQRe_C2hDKyNC6dN8zNDAzSNVAUtqV8e7apAvd_vfef6kpbGuetibLNLO6qE6dfrcY6CFlB3wP5VY11bIuc9S7og_a9FhZntfD_TvIoeVvfbYexAqkPoJ0nsUGQMEwODaE0SA7YjAoHn0USt4Z1yd0AgQ4OFLvD-sUOBE:1qWnkA:WcOCQ0b31XTrR8OUMvnqj-Rlu370yC2JDcKwBo6AKNw", "expire_date": "2023-09-01T00:53:38.447Z"}}, {"model": "accounts.account", "pk": 1, "fields": {"username": "admin", "first_name": "admin", "last_name": "admin", "password": "pbkdf2_sha256$600000$t1U1Y9KtH5Brj2t31LJS8L$fUq8vOoFdQOCPgZfzQXlnZVsG6Y4oqvU5N4I0RGIT7k=", "email": "admin@gmail.com", "phone_number": null, "profile_image": "", "language": null, "date_joined": "2023-08-15T18:46:59.834Z", "last_login": "2023-08-19T13:30:52.474Z", "is_active": true, "is_admin": true, "is_staff": true, "is_anonymous": false, "is_superadmin": true, "is_client": false, "is_tour_guide": false}}, {"model": "accounts.account", "pk": 2, "fields": {"username": "name", "first_name": "first", "last_name": "last", "password": "pbkdf2_sha256$600000$TDASE86fiPx589vCMEb8j3$GvonZHKaOIN1nKJe2Gn4uL5TcTRgH5fFhbjFSAMjJtg=", "email": "email@gmail.com", "phone_number": null, "profile_image": "", "language": null, "date_joined": "2023-08-15T19:18:40.052Z", "last_login": "2023-08-15T19:18:40.052Z", "is_active": true, "is_admin": false, "is_staff": false, "is_anonymous": false, "is_superadmin": false, "is_client": false, "is_tour_guide": false}}, {"model": "accounts.account", "pk": 10, "fields": {"username": "test", "first_name": "test", "last_name": "last", "password": "pbkdf2_sha256$600000$6p4NrIPSBnVJz6DtPTDX1d$viNrmxHnYryV/v8A8XmsTDSO5iK8UNnRHHhXzNJM9W8=", "email": "test@gmail.com", "phone_number": "012354365853", "profile_image": "client_user/598e944b-b46c-4468-b6d8-29c89490c806_wmo4hho.jpeg", "language": "korean", "date_joined": "2023-08-17T04:54:41.549Z", "last_login": "2023-08-17T04:54:41.549Z", "is_active": true, "is_admin": false, "is_staff": false, "is_anonymous": false, "is_superadmin": false, "is_client": false, "is_tour_guide": false}}, {"model": "about.about", "pk": 1, "fields": {"what_we_do": "we provide the best traveling service in the world", "our_mission": "your comfort is our happiness", "our_goals": "your satisfaction is what we seek", "image": "about/977c0586-a3c0-4619-8673-a285d192b5ac.jpeg"}}, {"model": "about.faq", "pk": 1, "fields": {"title": "what is your desired destination ?", "description": "And we are ready to make it for you"}}, {"model": "blog.post", "pk": 1, "fields": {"title": "sharm el sheikh", "image": "post/sharm_el_sheikh_2.jpg", "created_at": "2023-08-17T00:18:28Z", "description": "Sharm El Sheikh, commonly abbreviated to Sharm, is an Egyptian city on the southern tip of the Sinai Peninsula, in South Sinai Governorate, on the coastal strip along the Red Sea. Its population is approximately 73,000 as of 2023.", "category": 2, "slug": "sharm1"}}, {"model": "blog.post", "pk": 2, "fields": {"title": "sharm2", "image": "post/sharm_el_sheikh_3.jpg", "created_at": "2023-08-17T01:01:49Z", "description": "Things to Do in Sharm El Sheikh, Egypt: See Tripadvisor's 646,225 traveler reviews and photos of Sharm El Sheikh tourist attractions. Find what to do today, this weekend, or in August. We have reviews of the best places to see in Sharm El Sheikh. Visit top-rated & must-see attractions.", "category": 2, "slug": "sharm2"}}, {"model": "blog.post", "pk": 3, "fields": {"title": "sharm3", "image": "post/sharm_el_sheikh_5.webp", "created_at": "2023-08-17T01:02:49Z", "description": "Top 5 Reasons to Visit Sharm el-Sheikh. 1. It's One of the World's Best Diving Destinations. The Ras Mohammed and Tiran Island reefs are renowned, and you can expect to encounter huge schools of moray, shark, or barracuda on any given day.", "category": 2, "slug": "sharm3"}}, {"model": "blog.post", "pk": 4, "fields": {"title": "hurghada", "image": "post/hurghada_1.webp", "created_at": "2023-08-17T01:10:21Z", "description": "Hurghada is a coastal city that serves as the largest city and capital of the Red Sea Governorate of Egypt. This city has been a tourist attraction.", "category": 1, "slug": "hurghada1"}}, {"model": "blog.post", "pk": 5, "fields": {"title": "hurghada2", "image": "post/hrgsomg_3.jpg", "created_at": "2023-08-17T01:11:50Z", "description": "Stunning coral reefs and turquoise waters perfect for windsurfing have made Hurghada, on Egypt's Red Sea Coast, a busy resort town. Within easy reach of the stunning Giftun Islands and the Eastern Arabian Desert, Hurghada has seen enormous amounts of development in the past decade—and yes, it does seem overrun with tourists at times.", "category": 1, "slug": "hurghada2"}}, {"model": "blog.post", "pk": 6, "fields": {"title": "hurghada3", "image": "post/hrgsomg_3_fnziBVB.jpg", "created_at": "2023-08-17T01:13:06Z", "description": "Hurghada. Egypt. Plucked from obscurity during the early days of the Red Sea's tourism drive, the fishing village of Hurghada has long since morphed into today's dense band of concrete that marches along the coastline for more than 20km. Still, it's a convenient destination for combining a diving holiday with the Nile Valley sites.", "category": 1, "slug": "hurghada3"}}, {"model": "blog.category", "pk": 1, "fields": {"name": "hurghada"}}, {"model": "blog.category", "pk": 2, "fields": {"name": "sharm el sheikh"}}, {"model": "property.category", "pk": 1, "fields": {"name": "five stars"}}, {"model": "property.category", "pk": 2, "fields": {"name": "four stars"}}, {"model": "property.property", "pk": 1, "fields": {"name": "AMC Royal Hotel & Spa", "image": "property/5678-6e39a8b1749.jpg", "price_of_single_room_by_person": 3000, "price_of_double_room_by_person": 1000, "price_of_triple_room_by_person": 1000, "price_of_single_room_by_night": 3000, "price_of_double_room_by_night": 2000, "price_of_triple_room_by_night": 3000, "description": "AMC Royal Hotel & Spa is a 5 stars Resort that consists of 395 rooms in 2 wings (1-5 floors) and the main building. The resort is situated on the sandy beach of the Red Sea only 11 km north of Hurghada and 13 km south of El Gouna. The resort overlooks its own spacious private beach, offering a paradise for holiday makers: sun, sand and sea.", "place": 1, "created_at": "2023-08-18T13:27:46Z", "slug": "AMC", "category": 1}}, {"model": "property.property", "pk": 2, "fields": {"name": "Hotel Mövenpick Waterpark Resort & Spa Soma Bay", "image": "property/hrgsomg_10.jpg", "price_of_single_room_by_person": 8500, "price_of_double_room_by_person": 2000, "price_of_triple_room_by_person": 2000, "price_of_single_room_by_night": 8500, "price_of_double_room_by_night": 4000, "price_of_triple_room_by_night": 6000, "description": "five-star, elegant, and well-maintained, built in 2013, 418 rooms, 3 buildings, 4 floors, 2 elevators, in the main building: spacious and elegant lobby, 24-hour reception, 3 restaurants: main – buffet meals, international cuisine, Al Jazeera – à la carte, waiter service, Lebanese cuisine, highchairs and children's menu available in restaurants, vegetarian dishes, Il Pesce – Italian cuisine, seafood, waiter service, Splash & Pick – snack bar by the aquapark, Soma Bay bar in the lobby, by the pool and on the beach; safe at the reception; jewelry and souvenir shop, pharmacy; conference center for max. 550 people ( 6 conference rooms ), terrace with sea view, free wireless Internet in public areas; extra charges: room service, doctor on call, hairdresser, beauty salon, laundry; level differences occur; credit cards accepted: Visa, MasterCard, American Express, Diners Club.", "place": 1, "created_at": "2023-08-18T15:18:42Z", "slug": "MövenpickWaterpark", "category": 1}}, {"model": "property.property", "pk": 3, "fields": {"name": "Hotel Jaz Aquaviva", "image": "property/hrgvivg_20.jpg", "price_of_single_room_by_person": 9000, "price_of_double_room_by_person": 3000, "price_of_triple_room_by_person": 3000, "price_of_single_room_by_night": 9000, "price_of_double_room_by_night": 6000, "price_of_triple_room_by_night": 9000, "description": "five-star, built in 2015, 487 rooms, main building with elevator and 4 buildings with rooms, 2-3 floors, spacious, elegant lobby, 24-hour reception, Amaraya restaurant – buffet meals, international cuisine, highchairs and children's menu available, vegetarian dishes, 2 à la carte restaurants ( earlier reservation required ): Paprika – Italian cuisine, Falfela – oriental kitchen, child seats available, 4 bars: Court Yard by the pool, Liquid in the lobby, beach bar, Shisha Corner on the roof ( not covered by all inclusive ); ATM, souvenir shop; terrace with a view of the aquapark, free wireless Internet ( 150 MB / room / stay ); extra charges: room service, babysitter, on-call doctor, laundry, hairdresser, beauty salon; credit cards accepted: Visa, MasterCard, American Express, Dinners Club.", "place": 1, "created_at": "2023-08-18T15:52:11Z", "slug": "Hotel Jaz Aquaviva", "category": 1}}, {"model": "property.property", "pk": 4, "fields": {"name": "Hotel Blend Club Aqua Resort", "image": "property/hrgblen_18.jpg", "price_of_single_room_by_person": 3000, "price_of_double_room_by_person": 1000, "price_of_triple_room_by_person": 1000, "price_of_single_room_by_night": 3000, "price_of_double_room_by_night": 2000, "price_of_triple_room_by_night": 3000, "description": "four-star, well-maintained, built in 2007, renovated in 2022, 162 rooms, 3 buildings, 2 floors, 2 elevators, a spacious and elegant lobby, 24-hour reception, main restaurant Fenti – buffet meals, international cuisine, Sofra restaurant on the beach – à la carte, oriental cuisine, car seats and children's menu available in restaurants, vegetarian dishes, 3 bars: in the lobby, by the pool and snack bar by the aquapark; souvenir shop, money exchange; free wireless Internet in public areas; extra charges: room service, babysitter, doctor on call, laundry; credit cards accepted: Visa, MasterCard.", "place": 1, "created_at": "2023-08-18T16:14:06Z", "slug": "Hotel Blend Club Aqua Resort", "category": 2}}, {"model": "property.property", "pk": 5, "fields": {"name": "Hotel Jolie Ville Golf & Resort", "image": "property/sshjoli_27.jpg", "price_of_single_room_by_person": 6000, "price_of_double_room_by_person": 2000, "price_of_triple_room_by_person": 2000, "price_of_single_room_by_night": 6000, "price_of_double_room_by_night": 4000, "price_of_triple_room_by_night": 6000, "description": "five-star, well-maintained and elegant, built-in 1998, renovated in 2015, 392 rooms, several buildings, up to 2 floors, elevator, spacious lobby, 24-hour reception, Les Palmiers main restaurant – buffet meals, 2 à la carte restaurants: Jolie Bistro – Italian, Zaman – Lebanese, highchairs for children available in restaurants, 6 bars, including in the lobby, by the pool, and on the beach; jewelry and souvenir shops, money exchange; garden; extra charges: internet point, room service, hairdresser; credit cards accepted: Visa, MasterCard.", "place": 2, "created_at": "2023-08-18T16:44:35Z", "slug": "Hotel Jolie Ville Golf & Resort", "category": 2}}, {"model": "property.property", "pk": 6, "fields": {"name": "Hotel Royal Albatros Moderna", "image": "property/sshromo_6.jpg", "price_of_single_room_by_person": 9000, "price_of_double_room_by_person": 3000, "price_of_triple_room_by_person": 3000, "price_of_single_room_by_night": 9000, "price_of_double_room_by_night": 6000, "price_of_triple_room_by_night": 9000, "description": "five-star, built in 2004, partly renovated in 2016, 680 rooms, main building and 5 buildings with rooms, 2 floors, elevator in the main building, spacious and elegant lobby, 24-hour front desk, 5 buffet restaurants: Mediterranean – international cuisine, Tagine – Oriental cuisine, Zum Kaiser – German cuisine, L’Asiatique – Indian and Chinese cuisine, Soprano – Italian cuisine, in restaurants available child seats, beach restaurant – snacks, pizza, burgers, à la carte restaurant – Thai cuisine, sushi bar ( not included all inclusive ), 11 bars, including by the pool, on the beach; water pipe and White Elephant bar ( not included all-inclusive); pharmacy, shopping arcade: leather goods, souvenirs, reading room, ATM; conference center for 60 people, terrace with a view of the swimming pool complex, free wireless internet in the lobby; extra charges: internet point, on-call doctor, laundry, photographer; credit cards accepted: Visa, MasterCard.", "place": 2, "created_at": "2023-08-18T17:07:25Z", "slug": "Hotel Royal Albatros Moderna", "category": 1}}, {"model": "property.propertyimages", "pk": 2, "fields": {"property": 1, "image": "property_images/hrgamcr_1_52nrMna.jpg"}}, {"model": "property.propertyimages", "pk": 3, "fields": {"property": 1, "image": "property_images/hrgamcr_1_qRUeK6Y.jpg"}}, {"model": "property.propertyimages", "pk": 4, "fields": {"property": 1, "image": "property_images/hrgamcr_2.jpg"}}, {"model": "property.propertyimages", "pk": 5, "fields": {"property": 1, "image": "property_images/hrgamcr_3.jpg"}}, {"model": "property.propertyimages", "pk": 6, "fields": {"property": 1, "image": "property_images/hrgamcr_4.jpg"}}, {"model": "property.propertyimages", "pk": 7, "fields": {"property": 1, "image": "property_images/hrgamcr_5.jpg"}}, {"model": "property.propertyimages", "pk": 8, "fields": {"property": 1, "image": "property_images/hrgamcr_6.jpg"}}, {"model": "property.propertyimages", "pk": 9, "fields": {"property": 1, "image": "property_images/hrgamcr_7.jpg"}}, {"model": "property.propertyimages", "pk": 10, "fields": {"property": 1, "image": "property_images/hrgamcr_8.jpg"}}, {"model": "property.propertyimages", "pk": 11, "fields": {"property": 1, "image": "property_images/hrgamcr_9.jpg"}}, {"model": "property.propertyimages", "pk": 12, "fields": {"property": 1, "image": "property_images/hrgamcr_10.jpg"}}, {"model": "property.propertyimages", "pk": 13, "fields": {"property": 1, "image": "property_images/hrgamcr_12.jpg"}}, {"model": "property.propertyimages", "pk": 14, "fields": {"property": 1, "image": "property_images/hrgamcr_13.jpg"}}, {"model": "property.propertyimages", "pk": 15, "fields": {"property": 1, "image": "property_images/hrgamcr_14.jpg"}}, {"model": "property.propertyimages", "pk": 16, "fields": {"property": 1, "image": "property_images/hrgamcr_15.jpg"}}, {"model": "property.propertyimages", "pk": 17, "fields": {"property": 1, "image": "property_images/hrgamcr_16.jpg"}}, {"model": "property.propertyimages", "pk": 18, "fields": {"property": 1, "image": "property_images/hrgamcr_17.jpg"}}, {"model": "property.propertyimages", "pk": 19, "fields": {"property": 1, "image": "property_images/hrgamcr_18.jpg"}}, {"model": "property.propertyimages", "pk": 20, "fields": {"property": 1, "image": "property_images/hrgamcr_19.jpg"}}, {"model": "property.propertyimages", "pk": 21, "fields": {"property": 1, "image": "property_images/hrgamcr_20.jpg"}}, {"model": "property.propertyimages", "pk": 22, "fields": {"property": 1, "image": "property_images/hrgamcr_21.jpg"}}, {"model": "property.propertyimages", "pk": 23, "fields": {"property": 1, "image": "property_images/hrgamcr_22.jpg"}}, {"model": "property.propertyimages", "pk": 24, "fields": {"property": 1, "image": "property_images/hrgamcr_23.jpg"}}, {"model": "property.propertyimages", "pk": 25, "fields": {"property": 1, "image": "property_images/hrgamcr_24.jpg"}}, {"model": "property.propertyimages", "pk": 26, "fields": {"property": 1, "image": "property_images/hrgamcr_25.jpg"}}, {"model": "property.propertyimages", "pk": 27, "fields": {"property": 1, "image": "property_images/hrgamcr_26.jpg"}}, {"model": "property.propertyimages", "pk": 28, "fields": {"property": 1, "image": "property_images/hrgamcr_27.jpg"}}, {"model": "property.propertyimages", "pk": 29, "fields": {"property": 1, "image": "property_images/hrgamcr_28.jpg"}}, {"model": "property.propertyimages", "pk": 30, "fields": {"property": 1, "image": "property_images/hrgamcr_29_JDuOx1L.jpg"}}, {"model": "property.propertyimages", "pk": 31, "fields": {"property": 1, "image": "property_images/hrgamcr_30.jpg"}}, {"model": "property.propertyimages", "pk": 32, "fields": {"property": 1, "image": "property_images/hrgamcr_31.jpg"}}, {"model": "property.propertyimages", "pk": 33, "fields": {"property": 1, "image": "property_images/hrgamcr_32.jpg"}}, {"model": "property.propertyimages", "pk": 34, "fields": {"property": 1, "image": "property_images/hrgamcr_33.jpg"}}, {"model": "property.propertyimages", "pk": 35, "fields": {"property": 1, "image": "property_images/hrgamcr_34.jpg"}}, {"model": "property.propertyimages", "pk": 36, "fields": {"property": 1, "image": "property_images/hrgamcr_35.jpg"}}, {"model": "property.propertyimages", "pk": 37, "fields": {"property": 2, "image": "property_images/hrgsomg_0.jpg"}}, {"model": "property.propertyimages", "pk": 38, "fields": {"property": 2, "image": "property_images/hrgsomg_2.jpg"}}, {"model": "property.propertyimages", "pk": 39, "fields": {"property": 2, "image": "property_images/hrgsomg_3.jpg"}}, {"model": "property.propertyimages", "pk": 40, "fields": {"property": 2, "image": "property_images/hrgsomg_4.jpg"}}, {"model": "property.propertyimages", "pk": 41, "fields": {"property": 2, "image": "property_images/hrgsomg_5.jpg"}}, {"model": "property.propertyimages", "pk": 42, "fields": {"property": 2, "image": "property_images/hrgsomg_6.jpg"}}, {"model": "property.propertyimages", "pk": 43, "fields": {"property": 2, "image": "property_images/hrgsomg_7.jpg"}}, {"model": "property.propertyimages", "pk": 44, "fields": {"property": 2, "image": "property_images/hrgsomg_8.jpg"}}, {"model": "property.propertyimages", "pk": 45, "fields": {"property": 2, "image": "property_images/hrgsomg_9.jpg"}}, {"model": "property.propertyimages", "pk": 46, "fields": {"property": 2, "image": "property_images/hrgsomg_11.jpg"}}, {"model": "property.propertyimages", "pk": 47, "fields": {"property": 2, "image": "property_images/hrgsomg_12.jpg"}}, {"model": "property.propertyimages", "pk": 48, "fields": {"property": 2, "image": "property_images/hrgsomg_13.jpg"}}, {"model": "property.propertyimages", "pk": 49, "fields": {"property": 2, "image": "property_images/hrgsomg_14.jpg"}}, {"model": "property.propertyimages", "pk": 50, "fields": {"property": 2, "image": "property_images/hrgsomg_15.jpg"}}, {"model": "property.propertyimages", "pk": 51, "fields": {"property": 2, "image": "property_images/hrgsomg_16.jpg"}}, {"model": "property.propertyimages", "pk": 52, "fields": {"property": 2, "image": "property_images/hrgsomg_17.jpg"}}, {"model": "property.propertyimages", "pk": 53, "fields": {"property": 2, "image": "property_images/hrgsomg_18.jpg"}}, {"model": "property.propertyimages", "pk": 54, "fields": {"property": 2, "image": "property_images/hrgsomg_19.jpg"}}, {"model": "property.propertyimages", "pk": 55, "fields": {"property": 2, "image": "property_images/hrgsomg_20.jpg"}}, {"model": "property.propertyimages", "pk": 56, "fields": {"property": 2, "image": "property_images/hrgsomg_21.jpg"}}, {"model": "property.propertyimages", "pk": 57, "fields": {"property": 2, "image": "property_images/hrgsomg_22.jpg"}}, {"model": "property.propertyimages", "pk": 58, "fields": {"property": 2, "image": "property_images/hrgsomg_23.jpg"}}, {"model": "property.propertyimages", "pk": 59, "fields": {"property": 2, "image": "property_images/hrgsomg_24.jpg"}}, {"model": "property.propertyimages", "pk": 60, "fields": {"property": 2, "image": "property_images/hrgsomg_25.jpg"}}, {"model": "property.propertyimages", "pk": 61, "fields": {"property": 3, "image": "property_images/hrgvivg_0.jpg"}}, {"model": "property.propertyimages", "pk": 62, "fields": {"property": 3, "image": "property_images/hrgvivg_1.jpg"}}, {"model": "property.propertyimages", "pk": 63, "fields": {"property": 3, "image": "property_images/hrgvivg_2.jpg"}}, {"model": "property.propertyimages", "pk": 64, "fields": {"property": 3, "image": "property_images/hrgvivg_3.jpg"}}, {"model": "property.propertyimages", "pk": 65, "fields": {"property": 3, "image": "property_images/hrgvivg_4.jpg"}}, {"model": "property.propertyimages", "pk": 66, "fields": {"property": 3, "image": "property_images/hrgvivg_5.jpg"}}, {"model": "property.propertyimages", "pk": 67, "fields": {"property": 3, "image": "property_images/hrgvivg_6.jpg"}}, {"model": "property.propertyimages", "pk": 68, "fields": {"property": 3, "image": "property_images/hrgvivg_7.jpg"}}, {"model": "property.propertyimages", "pk": 69, "fields": {"property": 3, "image": "property_images/hrgvivg_8.jpg"}}, {"model": "property.propertyimages", "pk": 70, "fields": {"property": 3, "image": "property_images/hrgvivg_9.jpg"}}, {"model": "property.propertyimages", "pk": 71, "fields": {"property": 3, "image": "property_images/hrgvivg_10.jpg"}}, {"model": "property.propertyimages", "pk": 72, "fields": {"property": 3, "image": "property_images/hrgvivg_11.jpg"}}, {"model": "property.propertyimages", "pk": 73, "fields": {"property": 3, "image": "property_images/hrgvivg_12.jpg"}}, {"model": "property.propertyimages", "pk": 74, "fields": {"property": 3, "image": "property_images/hrgvivg_13.jpg"}}, {"model": "property.propertyimages", "pk": 75, "fields": {"property": 3, "image": "property_images/hrgvivg_14.jpg"}}, {"model": "property.propertyimages", "pk": 76, "fields": {"property": 3, "image": "property_images/hrgvivg_15.jpg"}}, {"model": "property.propertyimages", "pk": 77, "fields": {"property": 3, "image": "property_images/hrgvivg_16.jpg"}}, {"model": "property.propertyimages", "pk": 78, "fields": {"property": 3, "image": "property_images/hrgvivg_17.jpg"}}, {"model": "property.propertyimages", "pk": 79, "fields": {"property": 3, "image": "property_images/hrgvivg_18.jpg"}}, {"model": "property.propertyimages", "pk": 80, "fields": {"property": 3, "image": "property_images/hrgvivg_19.jpg"}}, {"model": "property.propertyimages", "pk": 81, "fields": {"property": 3, "image": "property_images/hrgvivg_20.jpg"}}, {"model": "property.propertyimages", "pk": 82, "fields": {"property": 3, "image": "property_images/hrgvivg_21.jpg"}}, {"model": "property.propertyimages", "pk": 83, "fields": {"property": 3, "image": "property_images/hrgvivg_22.jpg"}}, {"model": "property.propertyimages", "pk": 84, "fields": {"property": 4, "image": "property_images/hrgblen_0.jpg"}}, {"model": "property.propertyimages", "pk": 85, "fields": {"property": 4, "image": "property_images/hrgblen_1.jpg"}}, {"model": "property.propertyimages", "pk": 86, "fields": {"property": 4, "image": "property_images/hrgblen_2.jpg"}}, {"model": "property.propertyimages", "pk": 87, "fields": {"property": 4, "image": "property_images/hrgblen_3.jpg"}}, {"model": "property.propertyimages", "pk": 88, "fields": {"property": 4, "image": "property_images/hrgblen_4.jpg"}}, {"model": "property.propertyimages", "pk": 89, "fields": {"property": 4, "image": "property_images/hrgblen_5.jpg"}}, {"model": "property.propertyimages", "pk": 90, "fields": {"property": 4, "image": "property_images/hrgblen_6.jpg"}}, {"model": "property.propertyimages", "pk": 91, "fields": {"property": 4, "image": "property_images/hrgblen_7.jpg"}}, {"model": "property.propertyimages", "pk": 92, "fields": {"property": 4, "image": "property_images/hrgblen_8.jpg"}}, {"model": "property.propertyimages", "pk": 93, "fields": {"property": 4, "image": "property_images/hrgblen_9.jpg"}}, {"model": "property.propertyimages", "pk": 94, "fields": {"property": 4, "image": "property_images/hrgblen_10.jpg"}}, {"model": "property.propertyimages", "pk": 95, "fields": {"property": 4, "image": "property_images/hrgblen_11.jpg"}}, {"model": "property.propertyimages", "pk": 96, "fields": {"property": 4, "image": "property_images/hrgblen_12.jpg"}}, {"model": "property.propertyimages", "pk": 97, "fields": {"property": 4, "image": "property_images/hrgblen_13.jpg"}}, {"model": "property.propertyimages", "pk": 98, "fields": {"property": 4, "image": "property_images/hrgblen_14.jpg"}}, {"model": "property.propertyimages", "pk": 99, "fields": {"property": 4, "image": "property_images/hrgblen_15.jpg"}}, {"model": "property.propertyimages", "pk": 100, "fields": {"property": 4, "image": "property_images/hrgblen_16.jpg"}}, {"model": "property.propertyimages", "pk": 101, "fields": {"property": 4, "image": "property_images/hrgblen_17.jpg"}}, {"model": "property.propertyimages", "pk": 102, "fields": {"property": 4, "image": "property_images/hrgblen_18.jpg"}}, {"model": "property.propertyimages", "pk": 103, "fields": {"property": 4, "image": "property_images/hrgblen_19.jpg"}}, {"model": "property.propertyimages", "pk": 104, "fields": {"property": 4, "image": "property_images/hrgblen_20.jpg"}}, {"model": "property.propertyimages", "pk": 105, "fields": {"property": 4, "image": "property_images/hrgblen_21.jpg"}}, {"model": "property.propertyimages", "pk": 106, "fields": {"property": 4, "image": "property_images/hrgblen_22.jpg"}}, {"model": "property.propertyimages", "pk": 107, "fields": {"property": 4, "image": "property_images/hrgblen_23.jpg"}}, {"model": "property.propertyimages", "pk": 108, "fields": {"property": 5, "image": "property_images/sshjoli_0.jpg"}}, {"model": "property.propertyimages", "pk": 109, "fields": {"property": 5, "image": "property_images/sshjoli_1.webp"}}, {"model": "property.propertyimages", "pk": 110, "fields": {"property": 5, "image": "property_images/sshjoli_2.webp"}}, {"model": "property.propertyimages", "pk": 111, "fields": {"property": 5, "image": "property_images/sshjoli_3.jpg"}}, {"model": "property.propertyimages", "pk": 112, "fields": {"property": 5, "image": "property_images/sshjoli_4.jpg"}}, {"model": "property.propertyimages", "pk": 113, "fields": {"property": 5, "image": "property_images/sshjoli_5.webp"}}, {"model": "property.propertyimages", "pk": 114, "fields": {"property": 5, "image": "property_images/sshjoli_6.webp"}}, {"model": "property.propertyimages", "pk": 115, "fields": {"property": 5, "image": "property_images/sshjoli_7.webp"}}, {"model": "property.propertyimages", "pk": 116, "fields": {"property": 5, "image": "property_images/sshjoli_8.jpg"}}, {"model": "property.propertyimages", "pk": 117, "fields": {"property": 5, "image": "property_images/sshjoli_9.jpg"}}, {"model": "property.propertyimages", "pk": 118, "fields": {"property": 5, "image": "property_images/sshjoli_10.jpg"}}, {"model": "property.propertyimages", "pk": 119, "fields": {"property": 5, "image": "property_images/sshjoli_11.webp"}}, {"model": "property.propertyimages", "pk": 120, "fields": {"property": 5, "image": "property_images/sshjoli_12.webp"}}, {"model": "property.propertyimages", "pk": 121, "fields": {"property": 5, "image": "property_images/sshjoli_13.webp"}}, {"model": "property.propertyimages", "pk": 122, "fields": {"property": 5, "image": "property_images/sshjoli_14.webp"}}, {"model": "property.propertyimages", "pk": 123, "fields": {"property": 5, "image": "property_images/sshjoli_15.jpg"}}, {"model": "property.propertyimages", "pk": 124, "fields": {"property": 5, "image": "property_images/sshjoli_16.webp"}}, {"model": "property.propertyimages", "pk": 125, "fields": {"property": 5, "image": "property_images/sshjoli_17.webp"}}, {"model": "property.propertyimages", "pk": 126, "fields": {"property": 5, "image": "property_images/sshjoli_18.webp"}}, {"model": "property.propertyimages", "pk": 127, "fields": {"property": 5, "image": "property_images/sshjoli_19.webp"}}, {"model": "property.propertyimages", "pk": 128, "fields": {"property": 5, "image": "property_images/sshjoli_20.jpg"}}, {"model": "property.propertyimages", "pk": 129, "fields": {"property": 5, "image": "property_images/sshjoli_21.webp"}}, {"model": "property.propertyimages", "pk": 130, "fields": {"property": 5, "image": "property_images/sshjoli_22.jpg"}}, {"model": "property.propertyimages", "pk": 131, "fields": {"property": 5, "image": "property_images/sshjoli_23.jpg"}}, {"model": "property.propertyimages", "pk": 132, "fields": {"property": 5, "image": "property_images/sshjoli_24.jpg"}}, {"model": "property.propertyimages", "pk": 133, "fields": {"property": 5, "image": "property_images/sshjoli_25.jpg"}}, {"model": "property.propertyimages", "pk": 134, "fields": {"property": 5, "image": "property_images/sshjoli_26.jpg"}}, {"model": "property.propertyimages", "pk": 135, "fields": {"property": 5, "image": "property_images/sshjoli_27.jpg"}}, {"model": "property.propertyimages", "pk": 136, "fields": {"property": 5, "image": "property_images/sshjoli_29.jpg"}}, {"model": "property.propertyimages", "pk": 137, "fields": {"property": 5, "image": "property_images/sshjoli_30.jpg"}}, {"model": "property.propertyimages", "pk": 138, "fields": {"property": 5, "image": "property_images/sshjoli_31.jpg"}}, {"model": "property.propertyimages", "pk": 139, "fields": {"property": 5, "image": "property_images/sshjoli_32.jpg"}}, {"model": "property.propertyimages", "pk": 140, "fields": {"property": 5, "image": "property_images/sshjoli_33.jpg"}}, {"model": "property.propertyimages", "pk": 141, "fields": {"property": 5, "image": "property_images/sshjoli_34.jpg"}}, {"model": "property.propertyimages", "pk": 142, "fields": {"property": 5, "image": "property_images/sshjoli_35.jpg"}}, {"model": "property.propertyimages", "pk": 143, "fields": {"property": 6, "image": "property_images/sshromo_0.jpg"}}, {"model": "property.propertyimages", "pk": 144, "fields": {"property": 6, "image": "property_images/sshromo_1.jpg"}}, {"model": "property.propertyimages", "pk": 145, "fields": {"property": 6, "image": "property_images/sshromo_2.jpg"}}, {"model": "property.propertyimages", "pk": 146, "fields": {"property": 6, "image": "property_images/sshromo_3.jpg"}}, {"model": "property.propertyimages", "pk": 147, "fields": {"property": 6, "image": "property_images/sshromo_4.jpg"}}, {"model": "property.propertyimages", "pk": 148, "fields": {"property": 6, "image": "property_images/sshromo_5.jpg"}}, {"model": "property.propertyimages", "pk": 149, "fields": {"property": 6, "image": "property_images/sshromo_6.jpg"}}, {"model": "property.propertyimages", "pk": 150, "fields": {"property": 6, "image": "property_images/sshromo_7.jpg"}}, {"model": "property.propertyimages", "pk": 151, "fields": {"property": 6, "image": "property_images/sshromo_8.jpg"}}, {"model": "property.propertyimages", "pk": 152, "fields": {"property": 6, "image": "property_images/sshromo_10.jpg"}}, {"model": "property.propertyimages", "pk": 153, "fields": {"property": 6, "image": "property_images/sshromo_11.jpg"}}, {"model": "property.propertyimages", "pk": 154, "fields": {"property": 6, "image": "property_images/sshromo_12.jpg"}}, {"model": "property.propertyimages", "pk": 155, "fields": {"property": 6, "image": "property_images/sshromo_13.jpg"}}, {"model": "property.propertyimages", "pk": 156, "fields": {"property": 6, "image": "property_images/sshromo_14.jpg"}}, {"model": "property.propertyimages", "pk": 157, "fields": {"property": 6, "image": "property_images/sshromo_15.jpg"}}, {"model": "property.propertyimages", "pk": 158, "fields": {"property": 6, "image": "property_images/sshromo_16.jpg"}}, {"model": "property.propertyimages", "pk": 159, "fields": {"property": 6, "image": "property_images/sshromo_17.jpg"}}, {"model": "property.propertyimages", "pk": 160, "fields": {"property": 6, "image": "property_images/sshromo_18.jpg"}}, {"model": "property.propertyimages", "pk": 161, "fields": {"property": 6, "image": "property_images/sshromo_19.jpg"}}, {"model": "property.propertyimages", "pk": 162, "fields": {"property": 6, "image": "property_images/sshromo_20.jpg"}}, {"model": "property.propertyimages", "pk": 163, "fields": {"property": 6, "image": "property_images/sshromo_21.jpg"}}, {"model": "property.propertyimages", "pk": 164, "fields": {"property": 6, "image": "property_images/sshromo_22.jpg"}}, {"model": "property.propertyimages", "pk": 165, "fields": {"property": 6, "image": "property_images/sshromo_23.jpg"}}, {"model": "property.propertyimages", "pk": 166, "fields": {"property": 6, "image": "property_images/sshromo_24.jpg"}}, {"model": "property.propertyimages", "pk": 167, "fields": {"property": 6, "image": "property_images/sshromo_25.jpg"}}, {"model": "property.propertyimages", "pk": 168, "fields": {"property": 6, "image": "property_images/sshromo_26.jpg"}}, {"model": "property.propertyimages", "pk": 169, "fields": {"property": 6, "image": "property_images/sshromo_27.jpg"}}, {"model": "property.place", "pk": 1, "fields": {"name": "hurghada", "image": "places/5678-6e39a8b1749.jpg"}}, {"model": "property.place", "pk": 2, "fields": {"name": "sharm el shiekh", "image": "places/sharm_el_sheikh_2.jpg"}}, {"model": "property.propertyavailabilitycheck", "pk": 7, "fields": {"name": null, "email": null, "number_phone": null, "Hotel_name": "Hotel_name", "check_in": "2023-09-01", "check_out": "2023-09-10", "adults_number": 2, "children_number": 3}}, {"model": "property.propertyavailabilitycheck", "pk": 8, "fields": {"name": null, "email": null, "number_phone": null, "Hotel_name": "Hotel_name", "check_in": "2023-09-01", "check_out": "2023-09-10", "adults_number": 2, "children_number": 3}}, {"model": "property.propertyavailabilitycheck", "pk": 9, "fields": {"name": null, "email": null, "number_phone": null, "Hotel_name": "Hotel_name", "check_in": "2023-09-01", "check_out": "2023-09-10", "adults_number": 2, "children_number": 3}}, {"model": "property.propertyavailabilitycheck", "pk": 10, "fields": {"name": "name", "email": "email@gmail.com", "number_phone": "0122435465", "Hotel_name": "Hotel_name", "check_in": "2023-09-01", "check_out": "2023-09-10", "adults_number": 2, "children_number": 3}}, {"model": "property.propertyavailabilitycheck", "pk": 11, "fields": {"name": "name", "email": "email@gmail.com", "number_phone": "0122435465", "Hotel_name": "Hotel_name", "check_in": "2023-09-01", "check_out": "2023-09-10", "adults_number": 2, "children_number": 3}}, {"model": "property.visa", "pk": 21, "fields": {"username": "username", "email": "email@gmail.com", "phone_number": "8664325436547", "visa": "visas/9f4507fe-409e-4b84-b814-1c3f8bfe63c9_ngh0vUU.jpeg", "photo": "personal_photos/2663f6ae-9bf8-4c25-b540-00195a4a84df_ZNFd6rK.jpeg"}}, {"model": "taggit.tag", "pk": 1, "fields": {"name": "sharm", "slug": "sharm"}}, {"model": "taggit.tag", "pk": 2, "fields": {"name": "hurghada", "slug": "hurghada"}}, {"model": "taggit.taggeditem", "pk": 1, "fields": {"tag": 1, "content_type": 10, "object_id": 1}}, {"model": "taggit.taggeditem", "pk": 2, "fields": {"tag": 1, "content_type": 10, "object_id": 2}}, {"model": "taggit.taggeditem", "pk": 3, "fields": {"tag": 1, "content_type": 10, "object_id": 3}}, {"model": "taggit.taggeditem", "pk": 4, "fields": {"tag": 2, "content_type": 10, "object_id": 4}}, {"model": "taggit.taggeditem", "pk": 5, "fields": {"tag": 2, "content_type": 10, "object_id": 5}}, {"model": "taggit.taggeditem", "pk": 6, "fields": {"tag": 2, "content_type": 10, "object_id": 6}}]