[{"model": "property.categorytranslation", "pk": 2, "fields": {"language_code": "en-us", "title": "four stars", "master": 2}}, {"model": "property.categorytranslation", "pk": 3, "fields": {"language_code": "ar-sa", "title": "اربع نجوم", "master": 2}}, {"model": "property.categorytranslation", "pk": 4, "fields": {"language_code": "en-us", "title": "five stars", "master": 3}}, {"model": "property.categorytranslation", "pk": 5, "fields": {"language_code": "ar-sa", "title": "خمس نجوم", "master": 3}}, {"model": "property.category", "pk": 2, "fields": {}}, {"model": "property.category", "pk": 3, "fields": {}}, {"model": "property.triptranslation", "pk": 1, "fields": {"language_code": "en-us", "title": "AMC Royal Hotel & Spa", "description": "Stay at this 5-star luxury hotel in Hurghada. Enjoy free breakfast, free WiFi, and free parking. Our guests praise the pool and the comfy beds in our reviews. Popular attractions El Gouna Stadium and Church of St. Mary and the Archangels are located nearby. Discover genuine guest reviews for AMC Royal Hotel & Spa along with the latest prices and availability", "slug": "AMC Royal Hotel & Spa", "trip_summary": "trip summary", "accommodation": "full board", "includes_and_excludes": "Includes and excludes", "itinerary": "7 days in hurghada", "cancellation_policy": "What's the cancellation policy? Cancellation policies may vary depending on the rate or dates of your reservation. Please refer to your reservation confirmation to verify your cancellation policy. If", "terms_conditions": "Terms and conditions are the vital details that businesses put in place to ensure that they protect their rights. However, you should also ensure that they are legal, enforceable, and serve their inte", "notes": "notes", "master": 1}}, {"model": "property.triptranslation", "pk": 2, "fields": {"language_code": "ar-sa", "title": "فندق ومنتجع إيه إم سي رويال", "description": "استمتع بالإقامة في هذا الفندق الفاخر ذو الـ 5 نجوم في الغردقة. استمتع بوجبة إفطار مجانية وخدمة الواي فاي المجانية ومواقف مجانية للسيارات. يشيد ضيوفنا بحمام السباحة والأسرة المريحة في تقييماتنا. وتقع مناطق الجذب الشهيرة ملعب الجونة وكنيسة القديسة مريم ورؤساء الملائكة في مكان قريب. اكتشف تقييمات الضيوف الحقيقية لـ AMC Royal Hotel & Spa بالإضافة إلى أحدث الأسعار والتوافر", "slug": "فندق ومنتجع إيه إم سي رويال", "trip_summary": "ملخص الرحلة", "accommodation": "إقامة كاملة", "includes_and_excludes": "ما تشمله الرحله و ما لا تشمله", "itinerary": "7 days in hurghada", "cancellation_policy": "7 أيام في الغردقة", "terms_conditions": "الشروط والأحكام هي التفاصيل الحيوية التي تضعها الشركات لضمان حماية حقوقها. ومع ذلك، يجب عليك أيضًا التأكد من أنها قانونية وقابلة للتنفيذ وتخدم مصالحها", "notes": "ملاحظات", "master": 1}}, {"model": "property.triptranslation", "pk": 3, "fields": {"language_code": "en-us", "title": "Hotel Blend Club Aqua Resort", "description": "four-star, well-kept, built in 2007, renovated in 2022, 162 rooms, 3 buildings, 2 floors, 2 elevators, spacious and elegant lobby, 24-hour reception, main restaurant Fenti - buffet meals, international cuisine, Sofra restaurant on the beach - à la carte, oriental cuisine, highchairs and menus for children available in restaurants, vegetarian dishes, 3 bars: in the lobby, by the pool and snack bar by the water park; souvenir shop, money exchange; free wireless Internet in public areas; extra charges: room service, childcare, on-call doctor, laundry; credit cards accepted: Visa, MasterCard.", "slug": "Hotel Blend Club Aqua Resort", "trip_summary": "trip summary", "accommodation": "full board", "includes_and_excludes": "Includes and excludes", "itinerary": "6 days in hurghada", "cancellation_policy": "What's the cancellation policy? Cancellation policies may vary depending on the rate or dates of your reservation. Please refer to your reservation confirmation to verify your cancellation policy. If", "terms_conditions": "Terms and conditions are the vital details that businesses put in place to ensure that they protect their rights. However, you should also ensure that they are legal, enforceable, and serve their inte", "notes": "notes", "master": 2}}, {"model": "property.triptranslation", "pk": 4, "fields": {"language_code": "ar-sa", "title": "فندق بليند كلوب أكوا ريزورت", "description": "أربع نجوم، تم بنائه عام 2007، تم تجديده عام 2022، 162 غرفة، 3 مباني، طابقين، 2 مصعد، ردهة واسعة وأنيقة، استقبال 24 ساعة، مطعم فنتي الرئيسي - وجبات بوفيه، مأكولات عالمية، مطعم سفرة على الشاطئ - قائمة طعام انتقائية ومأكولات شرقية وكراسي مرتفعة وقوائم طعام للأطفال متوفرة في المطاعم وأطباق نباتية و3 بارات: في الردهة وبجوار حمام السباحة ومطعم للوجبات الخفيفة بجوار الحديقة المائية؛ متجر للهدايا التذكارية، صرف العملات؛ إنترنت لاسلكي مجاني في الأماكن العامة؛ الرسوم الإضافية: خدمة الغرف، رعاية الأطفال، طبيب تحت الطلب، غسيل الملابس؛ بطاقات الائتمان المقبولة: فيزا، ماستركارد.", "slug": "فندق بليند كلوب أكوا ريزورت", "trip_summary": "ملخص الرحلة", "accommodation": "إقامة كاملة", "includes_and_excludes": "ما تشمله الرحله و ما لا تشمله", "itinerary": "ستة ايام في الغردقة", "cancellation_policy": "ما هي سياسة الإلغاء؟ قد تختلف سياسات الإلغاء حسب سعر أو تواريخ حجزك. يرجى الرجوع إلى تأكيد الحجز الخاص بك للتحقق من سياسة الإلغاء الخاصة بك. لو", "terms_conditions": "الشروط والأحكام هي التفاصيل الحيوية التي تضعها الشركات لضمان حماية حقوقها. ومع ذلك، يجب عليك أيضًا التأكد من أنها قانونية وقابلة للتنفيذ وتخدم مصالحها", "notes": "ملاحظات", "master": 2}}, {"model": "property.triptranslation", "pk": 5, "fields": {"language_code": "en-us", "title": "Hotel Jaz Aquaviva", "description": "five-star, built in 2015, 487 rooms, main building with elevator and 4 buildings with rooms, 2-3 floors, spacious and elegant lobby, 24h reception, Amaraya restaurant - buffet meals, international cuisine, children's highchairs and menu available, vegetarian dishes, 2 à la carte restaurants (earlier reservation required): Paprika - Italian cuisine, Flafela - Oriental cuisine, highchairs for children available, 4 bars: Court Yard by the pool, Liquid in the lobby, beach bar, Shisha Corner on the roof (not included in all-inclusive); ATM, souvenir shop; terrace overlooking the aquapark, free wireless Internet (150 MB/room/stay); extra charges: room service, childcare, on-call doctor, laundry, hairdresser, beauty salon; credit cards accepted: Visa, MasterCard, American Express, Diners Club.", "slug": "Hotel Jaz Aquaviva", "trip_summary": "trip summary", "accommodation": "full board", "includes_and_excludes": "Includes and excludes", "itinerary": "7 days in hurghada", "cancellation_policy": "What's the cancellation policy? Cancellation policies may vary depending on the rate or dates of your reservation. Please refer to your reservation confirmation to verify your cancellation policy. If", "terms_conditions": "Terms and conditions are the vital details that businesses put in place to ensure that they protect their rights. However, you should also ensure that they are legal, enforceable, and serve their inte", "notes": "notes", "master": 3}}, {"model": "property.triptranslation", "pk": 6, "fields": {"language_code": "ar-sa", "title": "فندق جاز أكوافيفا", "description": "خمس نجوم، تم بناؤه عام 2015، 487 غرفة، المبنى الرئيسي مع مصعد و 4 مباني مع غرف، 2-3 طوابق، ردهة واسعة وأنيقة، استقبال 24 ساعة، مطعم عمارايا - وجبات بوفيه، مأكولات عالمية، كراسي مرتفعة للأطفال وقائمة طعام متاحة، نباتي أطباق ومطعمان انتقائيان (الحجز المبكر مطلوب): بابريكا - مطبخ إيطالي، فلافيلا - مطبخ شرقي، كراسي عالية للأطفال متاحة، 4 بارات: كورت يارد بجانب المسبح، سائل في الردهة، بار الشاطئ، ركن الشيشة على السطح (غير متضمنة في السعر الشامل)؛ أجهزة الصراف الآلي، متجر للهدايا التذكارية. شرفة مطلة على الحديقة المائية، إنترنت لاسلكي مجاني (150 ميجابايت/غرفة/إقامة)؛ الرسوم الإضافية: خدمة الغرف، رعاية الأطفال، طبيب تحت الطلب، غسيل الملابس، مصفف شعر، صالون تجميل؛ بطاقات الائتمان المقبولة: Visa، MasterCard، American Express، Diners Club.", "slug": "فندق جاز أكوافيفا", "trip_summary": "ملخص الرحلة", "accommodation": "إقامة كاملة", "includes_and_excludes": "ما تشمله الرحله و ما لا تشمله", "itinerary": "سبعة ايام في الغردقة", "cancellation_policy": "ما هي سياسة الإلغاء؟ قد تختلف سياسات الإلغاء حسب سعر أو تواريخ حجزك. يرجى الرجوع إلى تأكيد الحجز الخاص بك للتحقق من سياسة الإلغاء الخاصة بك. لو", "terms_conditions": "الشروط والأحكام هي التفاصيل الحيوية التي تضعها الشركات لضمان حماية حقوقها. ومع ذلك، يجب عليك أيضًا التأكد من أنها قانونية وقابلة للتنفيذ وتخدم مصالحها", "notes": "ملاحظات", "master": 3}}, {"model": "property.triptranslation", "pk": 7, "fields": {"language_code": "en-us", "title": "Hotel Mövenpick Waterpark Resort & Spa Soma Bay", "description": "Elegant interiors, modern solutions, Aquapark Splash Mania, and lots of fun – so you can briefly describe the hotel of the world-famous Mövenpick chain. Scheduled in the smallest detail, enchants from the entrance of the impressive size lobby, impresses with comfortable rooms, and pampers the palate with delicacies from the hotel restaurants. A great place for water sports enthusiasts, in particular lovers of the underwater world – right next to the beach with a diving center and the possibility of water sports. In the afternoon it is best to relax with a drink or go to the spa with various treatments and massages and a well-prepared gym.", "slug": "Hotel Mövenpick Waterpark Resort & Spa Soma Bay", "trip_summary": "trip summary", "accommodation": "full board", "includes_and_excludes": "Includes and excludes", "itinerary": "7 days in hurghada", "cancellation_policy": "What's the cancellation policy? Cancellation policies may vary depending on the rate or dates of your reservation. Please refer to your reservation confirmation to verify your cancellation policy. If", "terms_conditions": "Terms and conditions are the vital details that businesses put in place to ensure that they protect their rights. However, you should also ensure that they are legal, enforceable, and serve their inte", "notes": "notes", "master": 4}}, {"model": "property.triptranslation", "pk": 8, "fields": {"language_code": "ar-sa", "title": "فندق منتجع وسبا موفنبيك ووتربارك خليج سوما", "description": "تصميمات داخلية أنيقة وحلول حديثة وأكوابارك سبلاش هوس والكثير من المرح - لذا يمكنك أن تصف بإيجاز فندق سلسلة موفنبيك المشهورة عالميًا. تم تصميمه بأدق التفاصيل، وهو يفتن من مدخل الردهة الرائعة الحجم، ويثير إعجابك بغرفه المريحة، ويدلل ذوقك بالمأكولات الشهية من مطاعم الفندق. مكان رائع لعشاق الرياضات المائية، وخاصة عشاق عالم ما تحت الماء – بجوار الشاطئ مباشرة مع مركز للغوص وإمكانية ممارسة الرياضات المائية. من الأفضل الاسترخاء في فترة ما بعد الظهر مع مشروب أو الذهاب إلى المنتجع الصحي مع العلاجات المختلفة وجلسات المساج وصالة الألعاب الرياضية المُجهزة جيدًا.", "slug": "فندق منتجع وسبا موفنبيك ووتربارك خليج سوما", "trip_summary": "ملخص الرحلة", "accommodation": "إقامة كاملة", "includes_and_excludes": "ما تشمله الرحله و ما لا تشمله", "itinerary": "سبعة ايام في الغردقة", "cancellation_policy": "ما هي سياسة الإلغاء؟ قد تختلف سياسات الإلغاء حسب سعر أو تواريخ حجزك. يرجى الرجوع إلى تأكيد الحجز الخاص بك للتحقق من سياسة الإلغاء الخاصة بك. لو", "terms_conditions": "الشروط والأحكام هي التفاصيل الحيوية التي تضعها الشركات لضمان حماية حقوقها. ومع ذلك، يجب عليك أيضًا التأكد من أنها قانونية وقابلة للتنفيذ وتخدم مصالحها", "notes": "ملاحظات", "master": 4}}, {"model": "property.triptranslation", "pk": 9, "fields": {"language_code": "en-us", "title": "Hotel Maritim Jolie Ville Golf & Resort", "description": "five-star, well-maintained and elegant, built-in 1998, renovated in 2015, 418 rooms, several buildings, up to 2 floors, elevator, spacious lobby, 24h reception, main restaurant Les Palmiers - buffet meals, Pool BBQ restaurant, 7 à la carte restaurants, among others Jolie Bistro - international cuisine, Zaman - Lebanese, Mandarin - Chinese, Mikado - Japanese, Jolie Noodles House - Asian, Dolphin - seafood, highchairs for children available in the restaurants, 6 bars, including in the lobby, by the pool and on the beach; shops with jewelry and souvenirs, money exchange; garden; free wireless Internet in the lobby; extra charge: Internet point, room-service, hairdresser; credit cards accepted: Visa, MasterCard.", "slug": "Hotel Maritim Jolie Ville Golf & Resort", "trip_summary": "trip summary", "accommodation": "full board", "includes_and_excludes": "Includes and excludes", "itinerary": "6 days in hurghada", "cancellation_policy": "What's the cancellation policy? Cancellation policies may vary depending on the rate or dates of your reservation. Please refer to your reservation confirmation to verify your cancellation policy. If", "terms_conditions": "Terms and conditions are the vital details that businesses put in place to ensure that they protect their rights. However, you should also ensure that they are legal, enforceable, and serve their inte", "notes": "notes", "master": 5}}, {"model": "property.triptranslation", "pk": 10, "fields": {"language_code": "ar-sa", "title": "فندق ومنتجع ماريتيم جولي فيل جولف", "description": "خمس نجوم، مصان جيدًا وأنيق، تم بناؤه عام 1998، وتم تجديده عام 2015، 418 غرفة، عدة مباني، حتى طابقين، مصعد، ردهة واسعة، استقبال 24 ساعة، المطعم الرئيسي Les Palmiers - وجبات بوفيه، مطعم للشواء على حمام السباحة، 7 مطاعم انتقائية، من بين أمور أخرى، جولي بيسترو - مأكولات عالمية، زمان - لبناني، مندرين - صيني، ميكادو - ياباني، جولي نودلز هاوس - آسيوي، دولفين - مأكولات بحرية، كراسي عالية للأطفال متوفرة في المطاعم، 6 بارات، بما في ذلك في الردهة بجوار حمام السباحة وعلى الشاطئ؛ محلات المجوهرات والهدايا التذكارية، ومحلات الصرافة؛ حديقة؛ إنترنت لاسلكي مجاني في الردهة؛ رسوم إضافية: نقطة إنترنت، خدمة الغرف، مصفف شعر؛ بطاقات الائتمان المقبولة: فيزا، ماستركارد.", "slug": "فندق ومنتجع ماريتيم جولي فيل جولف", "trip_summary": "ملخص الرحلة", "accommodation": "إقامة كاملة", "includes_and_excludes": "ما تشمله الرحله و ما لا تشمله", "itinerary": "ستة ايام في الغردقة", "cancellation_policy": "ما هي سياسة الإلغاء؟ قد تختلف سياسات الإلغاء حسب سعر أو تواريخ حجزك. يرجى الرجوع إلى تأكيد الحجز الخاص بك للتحقق من سياسة الإلغاء الخاصة بك. لو", "terms_conditions": "الشروط والأحكام هي التفاصيل الحيوية التي تضعها الشركات لضمان حماية حقوقها. ومع ذلك، يجب عليك أيضًا التأكد من أنها قانونية وقابلة للتنفيذ وتخدم مصالحها", "notes": "ملاحظات", "master": 5}}, {"model": "property.triptranslation", "pk": 11, "fields": {"language_code": "en-us", "title": "Hotel Royal Albatros Moderna", "description": "five-star, built in 2004, partly renovated in 2016, 680 rooms, main building and 5 buildings with rooms, 2 floors, elevator in the main building, spacious and elegant lobby, 24h reception, 5 buffet restaurants: Mediterranean - international cuisine, Tagine - Oriental cuisine, Zum Kaiser - German cuisine, L'Asiatique - Indian and Chinese cuisine and Soprano - Italian cuisine; highchairs for children available in restaurants, restaurant by the beach - snacks, pizza, hamburgers; à la carte restaurant - Thai cuisine and sushi bar (not included in all-inclusive), 14 bars, including pool bar and beach bar; water pipe and bar White Elephant (not included in all-inclusive); chemist's, shopping arcade: leather haberdashery, souvenirs, reading room, ATM; conference center for 60 people, terrace with a view of the complex of swimming pools, free wireless Internet in the lobby; extra charges: Internet point, on-call doctor, laundry, photographer; credit cards accepted: Visa, MasterCard.", "slug": "Hotel Royal Albatros Moderna", "trip_summary": "trip summary", "accommodation": "full board", "includes_and_excludes": "Includes and excludes", "itinerary": "7 days in hurghada", "cancellation_policy": "What's the cancellation policy? Cancellation policies may vary depending on the rate or dates of your reservation. Please refer to your reservation confirmation to verify your cancellation policy. If", "terms_conditions": "Terms and conditions are the vital details that businesses put in place to ensure that they protect their rights. However, you should also ensure that they are legal, enforceable, and serve their inte", "notes": "notes", "master": 6}}, {"model": "property.triptranslation", "pk": 12, "fields": {"language_code": "ar-sa", "title": "فندق رويال الباتروس مودرنا", "description": "خمس نجوم، بني عام 2004، تم تجديده جزئيًا عام 2016، 680 غرفة، المبنى الرئيسي و5 مباني بها غرف، طابقين، مصعد في المبنى الرئيسي، ردهة واسعة وأنيقة، استقبال 24 ساعة، 5 مطاعم بوفيه: البحر الأبيض المتوسط - المأكولات العالمية، الطاجين - المطبخ الشرقي، زوم كايزر - المطبخ الألماني، لاسياتيك - المطبخ الهندي والصيني والسوبرانو - المطبخ الإيطالي؛ الكراسي العالية للأطفال متوفرة في المطاعم، مطعم على الشاطئ - الوجبات الخفيفة، البيتزا، الهامبرغر؛ مطعم انتقائي - يقدم المأكولات التايلاندية وبار السوشي (غير متضمن في الإقامة الشاملة كليًا)، و14 بارًا، بما في ذلك بار المسبح وبار الشاطئ؛ أنابيب المياه وبار White Elephant (غير متضمنة في السعر الشامل كليًا)؛ الصيدلية، رواق التسوق: الخردوات الجلدية، الهدايا التذكارية، غرفة القراءة، أجهزة الصراف الآلي؛ مركز مؤتمرات يتسع لـ 60 شخصًا، شرفة مطلة على مجمع حمامات السباحة، إنترنت لاسلكي مجاني في الردهة؛ الرسوم الإضافية: نقطة إنترنت، طبيب تحت الطلب، غسيل الملابس، مصور فوتوغرافي؛ بطاقات الائتمان المقبولة: فيزا، ماستركارد.", "slug": "فندق رويال الباتروس مودرنا", "trip_summary": "ملخص الرحلة", "accommodation": "إقامة كاملة", "includes_and_excludes": "ما تشمله الرحله و ما لا تشمله", "itinerary": "سبعة ايام في الغردقة", "cancellation_policy": "ما هي سياسة الإلغاء؟ قد تختلف سياسات الإلغاء حسب سعر أو تواريخ حجزك. يرجى الرجوع إلى تأكيد الحجز الخاص بك للتحقق من سياسة الإلغاء الخاصة بك. لو", "terms_conditions": "الشروط والأحكام هي التفاصيل الحيوية التي تضعها الشركات لضمان حماية حقوقها. ومع ذلك، يجب عليك أيضًا التأكد من أنها قانونية وقابلة للتنفيذ وتخدم مصالحها", "notes": "ملاحظات", "master": 6}}, {"model": "property.trip", "pk": 1, "fields": {"stars": "* * * * *", "price_of_single_room_by_person_night": 9000, "price_of_double_room_by_person_night": 3000, "price_of_triple_room_by_person_night": 3000, "price_of_single_room_by_night": 9000, "price_of_double_room_by_night": 6000, "price_of_triple_room_by_night": 9000, "image": "property/hrgamcr_0.jpg", "place": 2, "category": 3, "created_at": "2023-09-13T21:28:06Z", "number_of_guests": 0, "number_of_rooms": 0, "duration": 7, "price_per_child": 1500, "check_in": "2023-09-21", "check_out": "2023-09-28"}}, {"model": "property.trip", "pk": 2, "fields": {"stars": "* * * *", "price_of_single_room_by_person_night": 3000, "price_of_double_room_by_person_night": 1000, "price_of_triple_room_by_person_night": 1000, "price_of_single_room_by_night": 3000, "price_of_double_room_by_night": 2000, "price_of_triple_room_by_night": 3000, "image": "property/hrgblen_18.jpg", "place": 2, "category": 2, "created_at": "2023-09-13T21:53:55Z", "number_of_guests": 0, "number_of_rooms": 0, "duration": 6, "price_per_child": 500, "check_in": "2023-12-20", "check_out": "2023-12-26"}}, {"model": "property.trip", "pk": 3, "fields": {"stars": "* * * * *", "price_of_single_room_by_person_night": 9000, "price_of_double_room_by_person_night": 3000, "price_of_triple_room_by_person_night": 3000, "price_of_single_room_by_night": 9000, "price_of_double_room_by_night": 6000, "price_of_triple_room_by_night": 9000, "image": "property/hrgvivg_20.jpg", "place": 2, "category": 3, "created_at": "2023-09-13T23:00:22Z", "number_of_guests": 0, "number_of_rooms": 0, "duration": 7, "price_per_child": 1500, "check_in": "2023-11-01", "check_out": "2023-11-08"}}, {"model": "property.trip", "pk": 4, "fields": {"stars": "* * * * *", "price_of_single_room_by_person_night": 9000, "price_of_double_room_by_person_night": 3000, "price_of_triple_room_by_person_night": 3000, "price_of_single_room_by_night": 9000, "price_of_double_room_by_night": 6000, "price_of_triple_room_by_night": 9000, "image": "property/hrgsomg_0.jpg", "place": 2, "category": 3, "created_at": "2023-09-13T23:19:37Z", "number_of_guests": 0, "number_of_rooms": 0, "duration": 7, "price_per_child": 1500, "check_in": "2023-10-17", "check_out": "2023-10-24"}}, {"model": "property.trip", "pk": 5, "fields": {"stars": "* * * * *", "price_of_single_room_by_person_night": 6000, "price_of_double_room_by_person_night": 2000, "price_of_triple_room_by_person_night": 2000, "price_of_single_room_by_night": 6000, "price_of_double_room_by_night": 4000, "price_of_triple_room_by_night": 6000, "image": "property/sshjoli_27.jpg", "place": 1, "category": 3, "created_at": "2023-09-13T23:51:41Z", "number_of_guests": 0, "number_of_rooms": 0, "duration": 6, "price_per_child": 1000, "check_in": "2023-10-01", "check_out": "2023-10-07"}}, {"model": "property.trip", "pk": 6, "fields": {"stars": "* * * * *", "price_of_single_room_by_person_night": 9000, "price_of_double_room_by_person_night": 3000, "price_of_triple_room_by_person_night": 3000, "price_of_single_room_by_night": 9000, "price_of_double_room_by_night": 6000, "price_of_triple_room_by_night": 9000, "image": "property/sshromo_17.jpg", "place": 1, "category": 3, "created_at": "2023-09-14T00:07:53Z", "number_of_guests": 0, "number_of_rooms": 0, "duration": 7, "price_per_child": 1500, "check_in": "2023-09-21", "check_out": "2023-09-28"}}, {"model": "property.tripgallery", "pk": 1, "fields": {"trip": 1, "image": "trip_images/hrgamcr_0.jpg"}}, {"model": "property.tripgallery", "pk": 2, "fields": {"trip": 1, "image": "trip_images/hrgamcr_1.jpg"}}, {"model": "property.tripgallery", "pk": 3, "fields": {"trip": 1, "image": "trip_images/hrgamcr_2.jpg"}}, {"model": "property.tripgallery", "pk": 4, "fields": {"trip": 1, "image": "trip_images/hrgamcr_3.jpg"}}, {"model": "property.tripgallery", "pk": 5, "fields": {"trip": 1, "image": "trip_images/hrgamcr_4.jpg"}}, {"model": "property.tripgallery", "pk": 6, "fields": {"trip": 1, "image": "trip_images/hrgamcr_5.jpg"}}, {"model": "property.tripgallery", "pk": 7, "fields": {"trip": 1, "image": "trip_images/hrgamcr_6.jpg"}}, {"model": "property.tripgallery", "pk": 8, "fields": {"trip": 1, "image": "trip_images/hrgamcr_7.jpg"}}, {"model": "property.tripgallery", "pk": 9, "fields": {"trip": 1, "image": "trip_images/hrgamcr_8.jpg"}}, {"model": "property.tripgallery", "pk": 10, "fields": {"trip": 1, "image": "trip_images/hrgamcr_9.jpg"}}, {"model": "property.tripgallery", "pk": 11, "fields": {"trip": 1, "image": "trip_images/hrgamcr_10.jpg"}}, {"model": "property.tripgallery", "pk": 12, "fields": {"trip": 1, "image": "trip_images/hrgamcr_12.jpg"}}, {"model": "property.tripgallery", "pk": 13, "fields": {"trip": 1, "image": "trip_images/hrgamcr_13.jpg"}}, {"model": "property.tripgallery", "pk": 14, "fields": {"trip": 1, "image": "trip_images/hrgamcr_14.jpg"}}, {"model": "property.tripgallery", "pk": 15, "fields": {"trip": 1, "image": "trip_images/hrgamcr_15.jpg"}}, {"model": "property.tripgallery", "pk": 16, "fields": {"trip": 1, "image": "trip_images/hrgamcr_16.jpg"}}, {"model": "property.tripgallery", "pk": 17, "fields": {"trip": 1, "image": "trip_images/hrgamcr_17.jpg"}}, {"model": "property.tripgallery", "pk": 18, "fields": {"trip": 1, "image": "trip_images/hrgamcr_18.jpg"}}, {"model": "property.tripgallery", "pk": 19, "fields": {"trip": 1, "image": "trip_images/hrgamcr_19.jpg"}}, {"model": "property.tripgallery", "pk": 20, "fields": {"trip": 1, "image": "trip_images/hrgamcr_20.jpg"}}, {"model": "property.tripgallery", "pk": 21, "fields": {"trip": 1, "image": "trip_images/hrgamcr_21.jpg"}}, {"model": "property.tripgallery", "pk": 22, "fields": {"trip": 1, "image": "trip_images/hrgamcr_22.jpg"}}, {"model": "property.tripgallery", "pk": 23, "fields": {"trip": 1, "image": "trip_images/hrgamcr_23.jpg"}}, {"model": "property.tripgallery", "pk": 24, "fields": {"trip": 1, "image": "trip_images/hrgamcr_24.jpg"}}, {"model": "property.tripgallery", "pk": 25, "fields": {"trip": 1, "image": "trip_images/hrgamcr_25.jpg"}}, {"model": "property.tripgallery", "pk": 26, "fields": {"trip": 1, "image": "trip_images/hrgamcr_26.jpg"}}, {"model": "property.tripgallery", "pk": 27, "fields": {"trip": 1, "image": "trip_images/hrgamcr_27.jpg"}}, {"model": "property.tripgallery", "pk": 28, "fields": {"trip": 1, "image": "trip_images/hrgamcr_28.jpg"}}, {"model": "property.tripgallery", "pk": 29, "fields": {"trip": 1, "image": "trip_images/hrgamcr_29.jpg"}}, {"model": "property.tripgallery", "pk": 30, "fields": {"trip": 1, "image": "trip_images/hrgamcr_30.jpg"}}, {"model": "property.tripgallery", "pk": 31, "fields": {"trip": 1, "image": "trip_images/hrgamcr_31.jpg"}}, {"model": "property.tripgallery", "pk": 32, "fields": {"trip": 1, "image": "trip_images/hrgamcr_32.jpg"}}, {"model": "property.tripgallery", "pk": 33, "fields": {"trip": 1, "image": "trip_images/hrgamcr_33.jpg"}}, {"model": "property.tripgallery", "pk": 34, "fields": {"trip": 1, "image": "trip_images/hrgamcr_34.jpg"}}, {"model": "property.tripgallery", "pk": 35, "fields": {"trip": 1, "image": "trip_images/hrgamcr_35.jpg"}}, {"model": "property.tripgallery", "pk": 36, "fields": {"trip": 2, "image": "trip_images/hrgblen_0.jpg"}}, {"model": "property.tripgallery", "pk": 37, "fields": {"trip": 2, "image": "trip_images/hrgblen_1.jpg"}}, {"model": "property.tripgallery", "pk": 38, "fields": {"trip": 2, "image": "trip_images/hrgblen_2.jpg"}}, {"model": "property.tripgallery", "pk": 39, "fields": {"trip": 2, "image": "trip_images/hrgblen_3.jpg"}}, {"model": "property.tripgallery", "pk": 40, "fields": {"trip": 2, "image": "trip_images/hrgblen_4.jpg"}}, {"model": "property.tripgallery", "pk": 41, "fields": {"trip": 2, "image": "trip_images/hrgblen_5.jpg"}}, {"model": "property.tripgallery", "pk": 42, "fields": {"trip": 2, "image": "trip_images/hrgblen_6.jpg"}}, {"model": "property.tripgallery", "pk": 43, "fields": {"trip": 2, "image": "trip_images/hrgblen_7.jpg"}}, {"model": "property.tripgallery", "pk": 44, "fields": {"trip": 2, "image": "trip_images/hrgblen_8.jpg"}}, {"model": "property.tripgallery", "pk": 45, "fields": {"trip": 2, "image": "trip_images/hrgblen_9.jpg"}}, {"model": "property.tripgallery", "pk": 46, "fields": {"trip": 2, "image": "trip_images/hrgblen_10.jpg"}}, {"model": "property.tripgallery", "pk": 47, "fields": {"trip": 2, "image": "trip_images/hrgblen_11.jpg"}}, {"model": "property.tripgallery", "pk": 48, "fields": {"trip": 2, "image": "trip_images/hrgblen_12.jpg"}}, {"model": "property.tripgallery", "pk": 49, "fields": {"trip": 2, "image": "trip_images/hrgblen_13.jpg"}}, {"model": "property.tripgallery", "pk": 50, "fields": {"trip": 2, "image": "trip_images/hrgblen_14.jpg"}}, {"model": "property.tripgallery", "pk": 51, "fields": {"trip": 2, "image": "trip_images/hrgblen_15.jpg"}}, {"model": "property.tripgallery", "pk": 52, "fields": {"trip": 2, "image": "trip_images/hrgblen_16.jpg"}}, {"model": "property.tripgallery", "pk": 53, "fields": {"trip": 2, "image": "trip_images/hrgblen_17.jpg"}}, {"model": "property.tripgallery", "pk": 54, "fields": {"trip": 2, "image": "trip_images/hrgblen_18.jpg"}}, {"model": "property.tripgallery", "pk": 55, "fields": {"trip": 2, "image": "trip_images/hrgblen_19.jpg"}}, {"model": "property.tripgallery", "pk": 56, "fields": {"trip": 2, "image": "trip_images/hrgblen_20.jpg"}}, {"model": "property.tripgallery", "pk": 57, "fields": {"trip": 2, "image": "trip_images/hrgblen_21.jpg"}}, {"model": "property.tripgallery", "pk": 58, "fields": {"trip": 2, "image": "trip_images/hrgblen_22.jpg"}}, {"model": "property.tripgallery", "pk": 59, "fields": {"trip": 2, "image": "trip_images/hrgblen_23.jpg"}}, {"model": "property.tripgallery", "pk": 60, "fields": {"trip": 3, "image": "trip_images/hrgvivg_0.jpg"}}, {"model": "property.tripgallery", "pk": 61, "fields": {"trip": 3, "image": "trip_images/hrgvivg_1.jpg"}}, {"model": "property.tripgallery", "pk": 62, "fields": {"trip": 3, "image": "trip_images/hrgvivg_2.jpg"}}, {"model": "property.tripgallery", "pk": 63, "fields": {"trip": 3, "image": "trip_images/hrgvivg_3.jpg"}}, {"model": "property.tripgallery", "pk": 64, "fields": {"trip": 3, "image": "trip_images/hrgvivg_4.jpg"}}, {"model": "property.tripgallery", "pk": 65, "fields": {"trip": 3, "image": "trip_images/hrgvivg_5.jpg"}}, {"model": "property.tripgallery", "pk": 66, "fields": {"trip": 3, "image": "trip_images/hrgvivg_6.jpg"}}, {"model": "property.tripgallery", "pk": 67, "fields": {"trip": 3, "image": "trip_images/hrgvivg_7.jpg"}}, {"model": "property.tripgallery", "pk": 68, "fields": {"trip": 3, "image": "trip_images/hrgvivg_8.jpg"}}, {"model": "property.tripgallery", "pk": 69, "fields": {"trip": 3, "image": "trip_images/hrgvivg_9.jpg"}}, {"model": "property.tripgallery", "pk": 70, "fields": {"trip": 3, "image": "trip_images/hrgvivg_10.jpg"}}, {"model": "property.tripgallery", "pk": 71, "fields": {"trip": 3, "image": "trip_images/hrgvivg_11.jpg"}}, {"model": "property.tripgallery", "pk": 72, "fields": {"trip": 3, "image": "trip_images/hrgvivg_12.jpg"}}, {"model": "property.tripgallery", "pk": 73, "fields": {"trip": 3, "image": "trip_images/hrgvivg_13.jpg"}}, {"model": "property.tripgallery", "pk": 74, "fields": {"trip": 3, "image": "trip_images/hrgvivg_14.jpg"}}, {"model": "property.tripgallery", "pk": 75, "fields": {"trip": 3, "image": "trip_images/hrgvivg_15.jpg"}}, {"model": "property.tripgallery", "pk": 76, "fields": {"trip": 3, "image": "trip_images/hrgvivg_16.jpg"}}, {"model": "property.tripgallery", "pk": 77, "fields": {"trip": 3, "image": "trip_images/hrgvivg_17.jpg"}}, {"model": "property.tripgallery", "pk": 78, "fields": {"trip": 3, "image": "trip_images/hrgvivg_18.jpg"}}, {"model": "property.tripgallery", "pk": 79, "fields": {"trip": 3, "image": "trip_images/hrgvivg_19.jpg"}}, {"model": "property.tripgallery", "pk": 80, "fields": {"trip": 3, "image": "trip_images/hrgvivg_20.jpg"}}, {"model": "property.tripgallery", "pk": 81, "fields": {"trip": 3, "image": "trip_images/hrgvivg_21.jpg"}}, {"model": "property.tripgallery", "pk": 82, "fields": {"trip": 3, "image": "trip_images/hrgvivg_22.jpg"}}, {"model": "property.tripgallery", "pk": 83, "fields": {"trip": 4, "image": "trip_images/hrgsomg_0.jpg"}}, {"model": "property.tripgallery", "pk": 84, "fields": {"trip": 4, "image": "trip_images/hrgsomg_2.jpg"}}, {"model": "property.tripgallery", "pk": 85, "fields": {"trip": 4, "image": "trip_images/hrgsomg_3.jpg"}}, {"model": "property.tripgallery", "pk": 86, "fields": {"trip": 4, "image": "trip_images/hrgsomg_4.jpg"}}, {"model": "property.tripgallery", "pk": 87, "fields": {"trip": 4, "image": "trip_images/hrgsomg_5.jpg"}}, {"model": "property.tripgallery", "pk": 88, "fields": {"trip": 4, "image": "trip_images/hrgsomg_6.jpg"}}, {"model": "property.tripgallery", "pk": 89, "fields": {"trip": 4, "image": "trip_images/hrgsomg_7.jpg"}}, {"model": "property.tripgallery", "pk": 90, "fields": {"trip": 4, "image": "trip_images/hrgsomg_8.jpg"}}, {"model": "property.tripgallery", "pk": 91, "fields": {"trip": 4, "image": "trip_images/hrgsomg_9.jpg"}}, {"model": "property.tripgallery", "pk": 92, "fields": {"trip": 4, "image": "trip_images/hrgsomg_10.jpg"}}, {"model": "property.tripgallery", "pk": 93, "fields": {"trip": 4, "image": "trip_images/hrgsomg_11.jpg"}}, {"model": "property.tripgallery", "pk": 94, "fields": {"trip": 4, "image": "trip_images/hrgsomg_12.jpg"}}, {"model": "property.tripgallery", "pk": 95, "fields": {"trip": 4, "image": "trip_images/hrgsomg_13.jpg"}}, {"model": "property.tripgallery", "pk": 96, "fields": {"trip": 4, "image": "trip_images/hrgsomg_14.jpg"}}, {"model": "property.tripgallery", "pk": 97, "fields": {"trip": 4, "image": "trip_images/hrgsomg_15.jpg"}}, {"model": "property.tripgallery", "pk": 98, "fields": {"trip": 4, "image": "trip_images/hrgsomg_16.jpg"}}, {"model": "property.tripgallery", "pk": 99, "fields": {"trip": 4, "image": "trip_images/hrgsomg_17.jpg"}}, {"model": "property.tripgallery", "pk": 100, "fields": {"trip": 4, "image": "trip_images/hrgsomg_18.jpg"}}, {"model": "property.tripgallery", "pk": 101, "fields": {"trip": 4, "image": "trip_images/hrgsomg_19.jpg"}}, {"model": "property.tripgallery", "pk": 102, "fields": {"trip": 4, "image": "trip_images/hrgsomg_20.jpg"}}, {"model": "property.tripgallery", "pk": 103, "fields": {"trip": 4, "image": "trip_images/hrgsomg_21.jpg"}}, {"model": "property.tripgallery", "pk": 104, "fields": {"trip": 4, "image": "trip_images/hrgsomg_22.jpg"}}, {"model": "property.tripgallery", "pk": 105, "fields": {"trip": 4, "image": "trip_images/hrgsomg_23.jpg"}}, {"model": "property.tripgallery", "pk": 106, "fields": {"trip": 4, "image": "trip_images/hrgsomg_24.jpg"}}, {"model": "property.tripgallery", "pk": 107, "fields": {"trip": 4, "image": "trip_images/hrgsomg_25.jpg"}}, {"model": "property.tripgallery", "pk": 108, "fields": {"trip": 5, "image": "trip_images/sshjoli_0.jpg"}}, {"model": "property.tripgallery", "pk": 109, "fields": {"trip": 5, "image": "trip_images/sshjoli_1.webp"}}, {"model": "property.tripgallery", "pk": 110, "fields": {"trip": 5, "image": "trip_images/sshjoli_2.webp"}}, {"model": "property.tripgallery", "pk": 111, "fields": {"trip": 5, "image": "trip_images/sshjoli_3.jpg"}}, {"model": "property.tripgallery", "pk": 112, "fields": {"trip": 5, "image": "trip_images/sshjoli_4.jpg"}}, {"model": "property.tripgallery", "pk": 113, "fields": {"trip": 5, "image": "trip_images/sshjoli_5.webp"}}, {"model": "property.tripgallery", "pk": 114, "fields": {"trip": 5, "image": "trip_images/sshjoli_6.webp"}}, {"model": "property.tripgallery", "pk": 115, "fields": {"trip": 5, "image": "trip_images/sshjoli_7.webp"}}, {"model": "property.tripgallery", "pk": 116, "fields": {"trip": 5, "image": "trip_images/sshjoli_8.jpg"}}, {"model": "property.tripgallery", "pk": 117, "fields": {"trip": 5, "image": "trip_images/sshjoli_9.jpg"}}, {"model": "property.tripgallery", "pk": 118, "fields": {"trip": 5, "image": "trip_images/sshjoli_10.jpg"}}, {"model": "property.tripgallery", "pk": 119, "fields": {"trip": 5, "image": "trip_images/sshjoli_11.webp"}}, {"model": "property.tripgallery", "pk": 120, "fields": {"trip": 5, "image": "trip_images/sshjoli_12.webp"}}, {"model": "property.tripgallery", "pk": 121, "fields": {"trip": 5, "image": "trip_images/sshjoli_13.webp"}}, {"model": "property.tripgallery", "pk": 122, "fields": {"trip": 5, "image": "trip_images/sshjoli_14.webp"}}, {"model": "property.tripgallery", "pk": 123, "fields": {"trip": 5, "image": "trip_images/sshjoli_15.jpg"}}, {"model": "property.tripgallery", "pk": 124, "fields": {"trip": 5, "image": "trip_images/sshjoli_16.webp"}}, {"model": "property.tripgallery", "pk": 125, "fields": {"trip": 5, "image": "trip_images/sshjoli_17.webp"}}, {"model": "property.tripgallery", "pk": 126, "fields": {"trip": 5, "image": "trip_images/sshjoli_18.webp"}}, {"model": "property.tripgallery", "pk": 127, "fields": {"trip": 5, "image": "trip_images/sshjoli_19.webp"}}, {"model": "property.tripgallery", "pk": 128, "fields": {"trip": 5, "image": "trip_images/sshjoli_20.jpg"}}, {"model": "property.tripgallery", "pk": 129, "fields": {"trip": 5, "image": "trip_images/sshjoli_21.webp"}}, {"model": "property.tripgallery", "pk": 130, "fields": {"trip": 5, "image": "trip_images/sshjoli_22.jpg"}}, {"model": "property.tripgallery", "pk": 131, "fields": {"trip": 5, "image": "trip_images/sshjoli_23.jpg"}}, {"model": "property.tripgallery", "pk": 132, "fields": {"trip": 5, "image": "trip_images/sshjoli_24.jpg"}}, {"model": "property.tripgallery", "pk": 133, "fields": {"trip": 5, "image": "trip_images/sshjoli_25.jpg"}}, {"model": "property.tripgallery", "pk": 134, "fields": {"trip": 5, "image": "trip_images/sshjoli_26.jpg"}}, {"model": "property.tripgallery", "pk": 135, "fields": {"trip": 5, "image": "trip_images/sshjoli_27.jpg"}}, {"model": "property.tripgallery", "pk": 136, "fields": {"trip": 5, "image": "trip_images/sshjoli_29.jpg"}}, {"model": "property.tripgallery", "pk": 137, "fields": {"trip": 5, "image": "trip_images/sshjoli_30.jpg"}}, {"model": "property.tripgallery", "pk": 138, "fields": {"trip": 5, "image": "trip_images/sshjoli_31.jpg"}}, {"model": "property.tripgallery", "pk": 139, "fields": {"trip": 5, "image": "trip_images/sshjoli_32.jpg"}}, {"model": "property.tripgallery", "pk": 140, "fields": {"trip": 5, "image": "trip_images/sshjoli_33.jpg"}}, {"model": "property.tripgallery", "pk": 141, "fields": {"trip": 5, "image": "trip_images/sshjoli_34.jpg"}}, {"model": "property.tripgallery", "pk": 142, "fields": {"trip": 5, "image": "trip_images/sshjoli_35.jpg"}}, {"model": "property.tripgallery", "pk": 143, "fields": {"trip": 6, "image": "trip_images/sshromo_0.jpg"}}, {"model": "property.tripgallery", "pk": 144, "fields": {"trip": 6, "image": "trip_images/sshromo_1.jpg"}}, {"model": "property.tripgallery", "pk": 145, "fields": {"trip": 6, "image": "trip_images/sshromo_2.jpg"}}, {"model": "property.tripgallery", "pk": 146, "fields": {"trip": 6, "image": "trip_images/sshromo_3.jpg"}}, {"model": "property.tripgallery", "pk": 147, "fields": {"trip": 6, "image": "trip_images/sshromo_4.jpg"}}, {"model": "property.tripgallery", "pk": 148, "fields": {"trip": 6, "image": "trip_images/sshromo_5.jpg"}}, {"model": "property.tripgallery", "pk": 149, "fields": {"trip": 6, "image": "trip_images/sshromo_6.jpg"}}, {"model": "property.tripgallery", "pk": 150, "fields": {"trip": 6, "image": "trip_images/sshromo_7.jpg"}}, {"model": "property.tripgallery", "pk": 151, "fields": {"trip": 6, "image": "trip_images/sshromo_8.jpg"}}, {"model": "property.tripgallery", "pk": 152, "fields": {"trip": 6, "image": "trip_images/sshromo_9.jpg"}}, {"model": "property.tripgallery", "pk": 153, "fields": {"trip": 6, "image": "trip_images/sshromo_10.jpg"}}, {"model": "property.tripgallery", "pk": 154, "fields": {"trip": 6, "image": "trip_images/sshromo_11.jpg"}}, {"model": "property.tripgallery", "pk": 155, "fields": {"trip": 6, "image": "trip_images/sshromo_12.jpg"}}, {"model": "property.tripgallery", "pk": 156, "fields": {"trip": 6, "image": "trip_images/sshromo_13.jpg"}}, {"model": "property.tripgallery", "pk": 157, "fields": {"trip": 6, "image": "trip_images/sshromo_14.jpg"}}, {"model": "property.tripgallery", "pk": 158, "fields": {"trip": 6, "image": "trip_images/sshromo_15.jpg"}}, {"model": "property.tripgallery", "pk": 159, "fields": {"trip": 6, "image": "trip_images/sshromo_16.jpg"}}, {"model": "property.tripgallery", "pk": 160, "fields": {"trip": 6, "image": "trip_images/sshromo_17.jpg"}}, {"model": "property.tripgallery", "pk": 161, "fields": {"trip": 6, "image": "trip_images/sshromo_18.jpg"}}, {"model": "property.tripgallery", "pk": 162, "fields": {"trip": 6, "image": "trip_images/sshromo_19.jpg"}}, {"model": "property.tripgallery", "pk": 163, "fields": {"trip": 6, "image": "trip_images/sshromo_20.jpg"}}, {"model": "property.tripgallery", "pk": 164, "fields": {"trip": 6, "image": "trip_images/sshromo_21.jpg"}}, {"model": "property.tripgallery", "pk": 165, "fields": {"trip": 6, "image": "trip_images/sshromo_22.jpg"}}, {"model": "property.tripgallery", "pk": 166, "fields": {"trip": 6, "image": "trip_images/sshromo_23.jpg"}}, {"model": "property.tripgallery", "pk": 167, "fields": {"trip": 6, "image": "trip_images/sshromo_24.jpg"}}, {"model": "property.tripgallery", "pk": 168, "fields": {"trip": 6, "image": "trip_images/sshromo_25.jpg"}}, {"model": "property.tripgallery", "pk": 169, "fields": {"trip": 6, "image": "trip_images/sshromo_26.jpg"}}, {"model": "property.tripgallery", "pk": 170, "fields": {"trip": 6, "image": "trip_images/sshromo_27.jpg"}}, {"model": "property.placetranslation", "pk": 1, "fields": {"language_code": "en-us", "title": "sharm el sheikh", "master": 1}}, {"model": "property.placetranslation", "pk": 2, "fields": {"language_code": "ar-sa", "title": "شرم الشيخ", "master": 1}}, {"model": "property.placetranslation", "pk": 3, "fields": {"language_code": "ar-sa", "title": "الغردقة", "master": 2}}, {"model": "property.placetranslation", "pk": 4, "fields": {"language_code": "en-us", "title": "hurghada", "master": 2}}, {"model": "property.place", "pk": 1, "fields": {"image": "places/sharm_el_sheikh_5.webp"}}, {"model": "property.place", "pk": 2, "fields": {"image": "places/hurghada_1.webp"}}]